,GRID_TYPE,GAME_ID,GAME_EVENT_ID,PLAYER_ID,PLAYER_NAME,TEAM_ID,TEAM_NAME,PERIOD,MINUTES_REMAINING,SECONDS_REMAINING,EVENT_TYPE,ACTION_TYPE,SHOT_TYPE,SHOT_ZONE_BASIC,SHOT_ZONE_AREA,SHOT_ZONE_RANGE,SHOT_DISTANCE,LOC_X,LOC_Y,SHOT_ATTEMPTED_FLAG,SHOT_MADE_FLAG,GAME_DATE,HTM,VTM,QUARTER
0,Shot Chart Detail,0029700006,93,209,Dell Curry,1610612766,Charlotte Hornets,1,2,37,Missed Shot,Jump Shot,2PT FG,Mid-Range,Center(C),16-24 ft.,19,8,192,1,0,10-31-1997,CHH,NYK,Q1
1,Shot Chart Detail,0029700006,145,209,Dell Curry,1610612766,Charlotte Hornets,2,10,22,Made Shot,Jump Shot,2PT FG,In The Paint (Non-RA),Center(C),8-16 ft.,11,5,113,1,1,10-31-1997,CHH,NYK,Q2
2,Shot Chart Detail,0029700006,147,209,Dell Curry,1610612766,Charlotte Hornets,2,9,56,Missed Shot,Jump Shot,3PT FG,Left Corner 3,Left Side(L),24+ ft.,23,-237,-12,1,0,10-31-1997,CHH,NYK,Q2
3,Shot Chart Detail,0029700006,269,209,Dell Curry,1610612766,Charlotte Hornets,3,9,35,Made Shot,Layup Shot,2PT FG,Restricted Area,Center(C),Less Than 8 ft.,0,0,0,1,1,10-31-1997,CHH,NYK,Q3
4,Shot Chart Detail,0029700006,272,209,Dell Curry,1610612766,Charlotte Hornets,3,9,14,Missed Shot,Jump Shot,3PT FG,Left Corner 3,Left Side(L),24+ ft.,24,-239,25,1,0,10-31-1997,CHH,NYK,Q3
5,Shot Chart Detail,0029700006,286,209,Dell Curry,1610612766,Charlotte Hornets,3,7,20,Made Shot,Jump Shot,3PT FG,Left Corner 3,Left Side(L),24+ ft.,23,-239,-18,1,1,10-31-1997,CHH,NYK,Q3
6,Shot Chart Detail,0029700006,290,209,Dell Curry,1610612766,Charlotte Hornets,3,6,55,Missed Shot,Jump Shot,2PT FG,Mid-Range,Left Side(L),8-16 ft.,14,-141,44,1,0,10-31-1997,CHH,NYK,Q3
7,Shot Chart Detail,0029700006,308,209,Dell Curry,1610612766,Charlotte Hornets,3,5,13,Missed Shot,Jump Shot,2PT FG,Mid-Range,Left Side(L),8-16 ft.,14,-139,33,1,0,10-31-1997,CHH,NYK,Q3
8,Shot Chart Detail,0029700006,318,209,Dell Curry,1610612766,Charlotte Hornets,3,4,27,Made Shot,Jump Shot,3PT FG,Above the Break 3,Right Side Center(RC),24+ ft.,25,169,196,1,1,10-31-1997,CHH,NYK,Q3
9,Shot Chart Detail,0029700006,376,209,Dell Curry,1610612766,Charlotte Hornets,4,11,28,Missed Shot,Jump Shot,2PT FG,Mid-Range,Center(C),16-24 ft.,20,8,203,1,0,10-31-1997,CHH,NYK,Q4
10,Shot Chart Detail,0029700006,490,209,Dell Curry,1610612766,Charlotte Hornets,4,2,22,Missed Shot,Jump Shot,3PT FG,Above the Break 3,Left Side Center(LC),24+ ft.,25,-136,216,1,0,10-31-1997,CHH,NYK,Q4
11,Shot Chart Detail,0029700020,88,209,Dell Curry,1610612766,Charlotte Hornets,1,3,13,Missed Shot,Running Jump Shot,2PT FG,In The Paint (Non-RA),Center(C),Less Than 8 ft.,6,-21,66,1,0,11-01-1997,MIN,CHH,Q1
12,Shot Chart Detail,0029700020,140,209,Dell Curry,1610612766,Charlotte Hornets,2,9,13,Missed Shot,Jump Shot,2PT FG,Mid-Range,Left Side(L),16-24 ft.,17,-154,74,1,0,11-01-1997,MIN,CHH,Q2
13,Shot Chart Detail,0029700020,148,209,Dell Curry,1610612766,Charlotte Hornets,2,8,51,Missed Shot,Jump Shot,2PT FG,Mid-Range,Right Side Center(RC),16-24 ft.,20,160,128,1,0,11-01-1997,MIN,CHH,Q2
14,Shot Chart Detail,0029700020,168,209,Dell Curry,1610612766,Charlotte Hornets,2,6,44,Made Shot,Driving Layup Shot,2PT FG,Restricted Area,Center(C),Less Than 8 ft.,0,0,0,1,1,11-01-1997,MIN,CHH,Q2
15,Shot Chart Detail,0029700020,194,209,Dell Curry,1610612766,Charlotte Hornets,2,4,39,Missed Shot,Jump Shot,2PT FG,Mid-Range,Center(C),16-24 ft.,19,-57,186,1,0,11-01-1997,MIN,CHH,Q2
16,Shot Chart Detail,0029700020,302,209,Dell Curry,1610612766,Charlotte Hornets,3,5,23,Made Shot,Running Jump Shot,2PT FG,Mid-Range,Right Side(R),16-24 ft.,19,181,83,1,1,11-01-1997,MIN,CHH,Q3
17,Shot Chart Detail,0029700020,318,209,Dell Curry,1610612766,Charlotte Hornets,3,3,29,Missed Shot,Jump Shot,3PT FG,Above the Break 3,Left Side Center(LC),24+ ft.,25,-151,201,1,0,11-01-1997,MIN,CHH,Q3
18,Shot Chart Detail,0029700020,333,209,Dell Curry,1610612766,Charlotte Hornets,3,1,23,Missed Shot,Driving Layup Shot,2PT FG,Restricted Area,Center(C),Less Than 8 ft.,0,0,0,1,0,11-01-1997,MIN,CHH,Q3
19,Shot Chart Detail,0029700029,106,209,Dell Curry,1610612766,Charlotte Hornets,1,1,56,Made Shot,Layup Shot,2PT FG,Restricted Area,Center(C),Less Than 8 ft.,0,0,0,1,1,11-03-1997,MIA,CHH,Q1
20,Shot Chart Detail,0029700029,116,209,Dell Curry,1610612766,Charlotte Hornets,1,1,7,Made Shot,Jump Shot,2PT FG,Mid-Range,Left Side Center(LC),16-24 ft.,19,-98,169,1,1,11-03-1997,MIA,CHH,Q1
21,Shot Chart Detail,0029700029,119,209,Dell Curry,1610612766,Charlotte Hornets,1,0,36,Missed Shot,Jump Shot,3PT FG,Right Corner 3,Right Side(R),24+ ft.,22,229,-8,1,0,11-03-1997,MIA,CHH,Q1
22,Shot Chart Detail,0029700029,160,209,Dell Curry,1610612766,Charlotte Hornets,2,9,3,Missed Shot,Jump Shot,2PT FG,Restricted Area,Center(C),Less Than 8 ft.,2,29,5,1,0,11-03-1997,MIA,CHH,Q2
23,Shot Chart Detail,0029700029,163,209,Dell Curry,1610612766,Charlotte Hornets,2,8,34,Made Shot,Jump Shot,2PT FG,Mid-Range,Left Side(L),8-16 ft.,15,-130,91,1,1,11-03-1997,MIA,CHH,Q2
24,Shot Chart Detail,0029700029,191,209,Dell Curry,1610612766,Charlotte Hornets,2,6,2,Made Shot,Jump Shot,3PT FG,Above the Break 3,Left Side Center(LC),24+ ft.,24,-220,115,1,1,11-03-1997,MIA,CHH,Q2
25,Shot Chart Detail,0029700029,320,209,Dell Curry,1610612766,Charlotte Hornets,3,5,6,Missed Shot,Jump Shot,2PT FG,Mid-Range,Right Side Center(RC),16-24 ft.,18,59,175,1,0,11-03-1997,MIA,CHH,Q3
26,Shot Chart Detail,0029700029,331,209,Dell Curry,1610612766,Charlotte Hornets,3,4,22,Made Shot,Jump Shot,2PT FG,Mid-Range,Center(C),16-24 ft.,22,-46,218,1,1,11-03-1997,MIA,CHH,Q3
27,Shot Chart Detail,0029700029,353,209,Dell Curry,1610612766,Charlotte Hornets,3,1,56,Made Shot,Layup Shot,2PT FG,Restricted Area,Center(C),Less Than 8 ft.,0,0,0,1,1,11-03-1997,MIA,CHH,Q3
28,Shot Chart Detail,0029700029,364,209,Dell Curry,1610612766,Charlotte Hornets,3,1,21,Missed Shot,Jump Shot,3PT FG,Left Corner 3,Left Side(L),24+ ft.,22,-229,8,1,0,11-03-1997,MIA,CHH,Q3
29,Shot Chart Detail,0029700029,366,209,Dell Curry,1610612766,Charlotte Hornets,3,1,14,Missed Shot,Jump Shot,3PT FG,Left Corner 3,Left Side(L),24+ ft.,23,-233,5,1,0,11-03-1997,MIA,CHH,Q3
30,Shot Chart Detail,0029700046,161,209,Dell Curry,1610612766,Charlotte Hornets,2,6,15,Made Shot,Jump Shot,3PT FG,Right Corner 3,Right Side(R),24+ ft.,23,235,-29,1,1,11-05-1997,CHH,DAL,Q2
31,Shot Chart Detail,0029700046,173,209,Dell Curry,1610612766,Charlotte Hornets,2,5,16,Made Shot,Jump Shot,2PT FG,Mid-Range,Right Side(R),16-24 ft.,19,192,-23,1,1,11-05-1997,CHH,DAL,Q2
32,Shot Chart Detail,0029700046,175,209,Dell Curry,1610612766,Charlotte Hornets,2,4,43,Made Shot,Jump Shot,3PT FG,Right Corner 3,Right Side(R),24+ ft.,23,229,-29,1,1,11-05-1997,CHH,DAL,Q2
33,Shot Chart Detail,0029700046,185,209,Dell Curry,1610612766,Charlotte Hornets,2,3,59,Made Shot,Jump Shot,2PT FG,Mid-Range,Right Side(R),8-16 ft.,15,158,-23,1,1,11-05-1997,CHH,DAL,Q2
34,Shot Chart Detail,0029700046,199,209,Dell Curry,1610612766,Charlotte Hornets,2,2,45,Made Shot,Jump Shot,3PT FG,Right Corner 3,Right Side(R),24+ ft.,23,235,-16,1,1,11-05-1997,CHH,DAL,Q2
35,Shot Chart Detail,0029700046,210,209,Dell Curry,1610612766,Charlotte Hornets,2,0,36,Missed Shot,Jump Shot,2PT FG,Mid-Range,Right Side(R),16-24 ft.,19,158,106,1,0,11-05-1997,CHH,DAL,Q2
36,Shot Chart Detail,0029700046,290,209,Dell Curry,1610612766,Charlotte Hornets,3,2,45,Missed Shot,Jump Shot,2PT FG,Mid-Range,Right Side Center(RC),16-24 ft.,17,66,160,1,0,11-05-1997,CHH,DAL,Q3
37,Shot Chart Detail,0029700046,332,209,Dell Curry,1610612766,Charlotte Hornets,4,11,32,Missed Shot,Jump Shot,3PT FG,Above the Break 3,Left Side Center(LC),24+ ft.,25,-209,149,1,0,11-05-1997,CHH,DAL,Q4
38,Shot Chart Detail,0029700046,334,209,Dell Curry,1610612766,Charlotte Hornets,4,11,21,Made Shot,Jump Shot,3PT FG,Above the Break 3,Left Side Center(LC),24+ ft.,26,-216,145,1,1,11-05-1997,CHH,DAL,Q4
39,Shot Chart Detail,0029700046,341,209,Dell Curry,1610612766,Charlotte Hornets,4,9,55,Made Shot,Jump Shot,2PT FG,Mid-Range,Center(C),16-24 ft.,19,-33,196,1,1,11-05-1997,CHH,DAL,Q4
40,Shot Chart Detail,0029700046,358,209,Dell Curry,1610612766,Charlotte Hornets,4,8,46,Made Shot,Layup Shot,2PT FG,Restricted Area,Center(C),Less Than 8 ft.,0,0,0,1,1,11-05-1997,CHH,DAL,Q4
41,Shot Chart Detail,0029700046,393,209,Dell Curry,1610612766,Charlotte Hornets,4,5,28,Missed Shot,Jump Shot,2PT FG,Mid-Range,Center(C),16-24 ft.,19,1,190,1,0,11-05-1997,CHH,DAL,Q4
42,Shot Chart Detail,0029700046,441,209,Dell Curry,1610612766,Charlotte Hornets,4,0,55,Missed Shot,Jump Shot,2PT FG,Mid-Range,Left Side(L),16-24 ft.,16,-154,63,1,0,11-05-1997,CHH,DAL,Q4
43,Shot Chart Detail,0029700056,80,209,Dell Curry,1610612766,Charlotte Hornets,1,3,15,Made Shot,Layup Shot,2PT FG,Restricted Area,Center(C),Less Than 8 ft.,0,0,0,1,1,11-07-1997,WAS,CHH,Q1
44,Shot Chart Detail,0029700056,95,209,Dell Curry,1610612766,Charlotte Hornets,1,2,7,Missed Shot,Jump Shot,2PT FG,Mid-Range,Center(C),16-24 ft.,20,8,203,1,0,11-07-1997,WAS,CHH,Q1
45,Shot Chart Detail,0029700056,105,209,Dell Curry,1610612766,Charlotte Hornets,1,0,45,Missed Shot,Jump Shot,2PT FG,Mid-Range,Left Side(L),16-24 ft.,17,-171,53,1,0,11-07-1997,WAS,CHH,Q1
46,Shot Chart Detail,0029700056,146,209,Dell Curry,1610612766,Charlotte Hornets,2,8,34,Missed Shot,Jump Shot,2PT FG,Mid-Range,Right Side(R),16-24 ft.,18,186,23,1,0,11-07-1997,WAS,CHH,Q2
47,Shot Chart Detail,0029700056,243,209,Dell Curry,1610612766,Charlotte Hornets,2,0,49,Made Shot,Jump Shot,3PT FG,Left Corner 3,Left Side(L),24+ ft.,24,-244,-25,1,1,11-07-1997,WAS,CHH,Q2
48,Shot Chart Detail,0029700056,351,209,Dell Curry,1610612766,Charlotte Hornets,3,3,15,Missed Shot,Jump Shot,2PT FG,Mid-Range,Left Side(L),16-24 ft.,19,-192,3,1,0,11-07-1997,WAS,CHH,Q3
49,Shot Chart Detail,0029700056,414,209,Dell Curry,1610612766,Charlotte Hornets,4,10,40,Made Shot,Jump Shot,2PT FG,Mid-Range,Left Side(L),16-24 ft.,17,-175,-23,1,1,11-07-1997,WAS,CHH,Q4
50,Shot Chart Detail,0029700067,81,209,Dell Curry,1610612766,Charlotte Hornets,1,3,51,Made Shot,Jump Shot,2PT FG,In The Paint (Non-RA),Center(C),Less Than 8 ft.,7,48,61,1,1,11-08-1997,CHH,IND,Q1
51,Shot Chart Detail,0029700067,95,209,Dell Curry,1610612766,Charlotte Hornets,1,2,19,Missed Shot,Jump Shot,3PT FG,Above the Break 3,Left Side Center(LC),24+ ft.,25,-216,143,1,0,11-08-1997,CHH,IND,Q1
52,Shot Chart Detail,0029700067,110,209,Dell Curry,1610612766,Charlotte Hornets,1,0,49,Made Shot,Layup Shot,2PT FG,Restricted Area,Center(C),Less Than 8 ft.,2,-27,5,1,1,11-08-1997,CHH,IND,Q1
53,Shot Chart Detail,0029700067,141,209,Dell Curry,1610612766,Charlotte Hornets,2,10,10,Made Shot,Jump Shot,2PT FG,Mid-Range,Right Side(R),16-24 ft.,17,164,59,1,1,11-08-1997,CHH,IND,Q2
54,Shot Chart Detail,0029700067,145,209,Dell Curry,1610612766,Charlotte Hornets,2,9,38,Missed Shot,Jump Shot,2PT FG,Mid-Range,Right Side(R),16-24 ft.,19,190,44,1,0,11-08-1997,CHH,IND,Q2
55,Shot Chart Detail,0029700067,177,209,Dell Curry,1610612766,Charlotte Hornets,2,6,11,Made Shot,Jump Shot,2PT FG,Mid-Range,Right Side(R),16-24 ft.,21,186,98,1,1,11-08-1997,CHH,IND,Q2
56,Shot Chart Detail,0029700067,279,209,Dell Curry,1610612766,Charlotte Hornets,3,4,58,Made Shot,Driving Layup Shot,2PT FG,Restricted Area,Center(C),Less Than 8 ft.,0,0,0,1,1,11-08-1997,CHH,IND,Q3
57,Shot Chart Detail,0029700067,307,209,Dell Curry,1610612766,Charlotte Hornets,3,1,36,Made Shot,Jump Shot,3PT FG,Left Corner 3,Left Side(L),24+ ft.,23,-235,-25,1,1,11-08-1997,CHH,IND,Q3
58,Shot Chart Detail,0029700067,311,209,Dell Curry,1610612766,Charlotte Hornets,3,1,4,Missed Shot,Jump Shot,3PT FG,Above the Break 3,Center(C),24+ ft.,25,3,254,1,0,11-08-1997,CHH,IND,Q3
59,Shot Chart Detail,0029700067,339,209,Dell Curry,1610612766,Charlotte Hornets,4,9,39,Missed Shot,Jump Shot,3PT FG,Above the Break 3,Right Side Center(RC),24+ ft.,24,222,109,1,0,11-08-1997,CHH,IND,Q4
60,Shot Chart Detail,0029700067,341,209,Dell Curry,1610612766,Charlotte Hornets,4,9,35,Made Shot,Jump Shot,2PT FG,Mid-Range,Right Side(R),16-24 ft.,16,164,1,1,1,11-08-1997,CHH,IND,Q4
61,Shot Chart Detail,0029700107,121,209,Dell Curry,1610612766,Charlotte Hornets,2,9,22,Missed Shot,Jump Shot,3PT FG,Above the Break 3,Left Side Center(LC),24+ ft.,24,-171,175,1,0,11-14-1997,CHI,CHH,Q2
62,Shot Chart Detail,0029700107,269,209,Dell Curry,1610612766,Charlotte Hornets,3,4,9,Made Shot,Jump Shot,2PT FG,Mid-Range,Left Side(L),16-24 ft.,20,-190,85,1,1,11-14-1997,CHI,CHH,Q3
63,Shot Chart Detail,0029700107,293,209,Dell Curry,1610612766,Charlotte Hornets,3,1,20,Missed Shot,Jump Shot,2PT FG,Mid-Range,Center(C),16-24 ft.,21,-44,212,1,0,11-14-1997,CHI,CHH,Q3
64,Shot Chart Detail,0029700107,297,209,Dell Curry,1610612766,Charlotte Hornets,3,0,55,Missed Shot,Jump Shot,2PT FG,Mid-Range,Left Side(L),8-16 ft.,15,-154,-21,1,0,11-14-1997,CHI,CHH,Q3
65,Shot Chart Detail,0029700107,303,209,Dell Curry,1610612766,Charlotte Hornets,3,0,37,Made Shot,Layup Shot,2PT FG,Restricted Area,Center(C),Less Than 8 ft.,0,0,0,1,1,11-14-1997,CHI,CHH,Q3
66,Shot Chart Detail,0029700107,307,209,Dell Curry,1610612766,Charlotte Hornets,3,0,17,Missed Shot,Jump Shot,2PT FG,Mid-Range,Left Side(L),8-16 ft.,9,-96,10,1,0,11-14-1997,CHI,CHH,Q3
67,Shot Chart Detail,0029700107,314,209,Dell Curry,1610612766,Charlotte Hornets,4,11,45,Made Shot,Layup Shot,2PT FG,Restricted Area,Center(C),Less Than 8 ft.,0,0,0,1,1,11-14-1997,CHI,CHH,Q4
68,Shot Chart Detail,0029700107,320,209,Dell Curry,1610612766,Charlotte Hornets,4,11,8,Missed Shot,Jump Shot,2PT FG,Mid-Range,Right Side(R),16-24 ft.,16,134,96,1,0,11-14-1997,CHI,CHH,Q4
69,Shot Chart Detail,0029700107,347,209,Dell Curry,1610612766,Charlotte Hornets,4,8,57,Made Shot,Layup Shot,2PT FG,Restricted Area,Center(C),Less Than 8 ft.,0,0,0,1,1,11-14-1997,CHI,CHH,Q4
70,Shot Chart Detail,0029700107,350,209,Dell Curry,1610612766,Charlotte Hornets,4,8,31,Made Shot,Jump Shot,2PT FG,Mid-Range,Right Side(R),16-24 ft.,19,194,25,1,1,11-14-1997,CHI,CHH,Q4
71,Shot Chart Detail,0029700107,359,209,Dell Curry,1610612766,Charlotte Hornets,4,7,37,Missed Shot,Jump Shot,3PT FG,Above the Break 3,Right Side Center(RC),24+ ft.,24,156,194,1,0,11-14-1997,CHI,CHH,Q4
72,Shot Chart Detail,0029700115,117,209,Dell Curry,1610612766,Charlotte Hornets,1,0,0,Made Shot,Jump Shot,3PT FG,Above the Break 3,Left Side Center(LC),24+ ft.,34,-212,276,1,1,11-15-1997,CHH,LAC,Q1
73,Shot Chart Detail,0029700115,123,209,Dell Curry,1610612766,Charlotte Hornets,2,11,24,Made Shot,Jump Shot,2PT FG,Mid-Range,Right Side(R),8-16 ft.,13,117,76,1,1,11-15-1997,CHH,LAC,Q2
74,Shot Chart Detail,0029700115,158,209,Dell Curry,1610612766,Charlotte Hornets,2,8,49,Made Shot,Jump Shot,3PT FG,Left Corner 3,Left Side(L),24+ ft.,23,-233,-18,1,1,11-15-1997,CHH,LAC,Q2
75,Shot Chart Detail,0029700115,163,209,Dell Curry,1610612766,Charlotte Hornets,2,8,2,Missed Shot,Jump Shot,3PT FG,Left Corner 3,Left Side(L),24+ ft.,23,-231,12,1,0,11-15-1997,CHH,LAC,Q2
76,Shot Chart Detail,0029700115,168,209,Dell Curry,1610612766,Charlotte Hornets,2,7,50,Made Shot,Jump Shot,2PT FG,Mid-Range,Left Side(L),8-16 ft.,14,-149,12,1,1,11-15-1997,CHH,LAC,Q2
77,Shot Chart Detail,0029700115,172,209,Dell Curry,1610612766,Charlotte Hornets,2,7,9,Made Shot,Jump Shot,2PT FG,Mid-Range,Left Side(L),8-16 ft.,11,-117,-23,1,1,11-15-1997,CHH,LAC,Q2
78,Shot Chart Detail,0029700115,175,209,Dell Curry,1610612766,Charlotte Hornets,2,6,54,Missed Shot,Jump Shot,3PT FG,Above the Break 3,Left Side Center(LC),24+ ft.,25,-218,130,1,0,11-15-1997,CHH,LAC,Q2
79,Shot Chart Detail,0029700115,186,209,Dell Curry,1610612766,Charlotte Hornets,2,5,37,Missed Shot,Jump Shot,3PT FG,Above the Break 3,Center(C),24+ ft.,24,63,233,1,0,11-15-1997,CHH,LAC,Q2
80,Shot Chart Detail,0029700115,189,209,Dell Curry,1610612766,Charlotte Hornets,2,5,21,Made Shot,Layup Shot,2PT FG,Restricted Area,Center(C),Less Than 8 ft.,0,0,0,1,1,11-15-1997,CHH,LAC,Q2
81,Shot Chart Detail,0029700115,206,209,Dell Curry,1610612766,Charlotte Hornets,2,3,34,Missed Shot,Jump Shot,2PT FG,Mid-Range,Right Side Center(RC),16-24 ft.,18,93,164,1,0,11-15-1997,CHH,LAC,Q2
82,Shot Chart Detail,0029700115,213,209,Dell Curry,1610612766,Charlotte Hornets,2,2,52,Made Shot,Jump Shot,2PT FG,Mid-Range,Right Side(R),16-24 ft.,16,160,-27,1,1,11-15-1997,CHH,LAC,Q2
83,Shot Chart Detail,0029700115,384,209,Dell Curry,1610612766,Charlotte Hornets,4,11,44,Missed Shot,Jump Shot,2PT FG,In The Paint (Non-RA),Center(C),8-16 ft.,12,-38,121,1,0,11-15-1997,CHH,LAC,Q4
84,Shot Chart Detail,0029700115,430,209,Dell Curry,1610612766,Charlotte Hornets,4,7,45,Missed Shot,Layup Shot,2PT FG,Restricted Area,Center(C),Less Than 8 ft.,0,0,0,1,0,11-15-1997,CHH,LAC,Q4
85,Shot Chart Detail,0029700115,433,209,Dell Curry,1610612766,Charlotte Hornets,4,7,13,Made Shot,Jump Shot,2PT FG,Mid-Range,Left Side(L),8-16 ft.,13,-102,85,1,1,11-15-1997,CHH,LAC,Q4
86,Shot Chart Detail,0029700141,96,209,Dell Curry,1610612766,Charlotte Hornets,1,1,3,Made Shot,Jump Shot,2PT FG,Mid-Range,Right Side(R),16-24 ft.,19,169,104,1,1,11-19-1997,CHH,POR,Q1
87,Shot Chart Detail,0029700141,125,209,Dell Curry,1610612766,Charlotte Hornets,2,11,21,Made Shot,Jump Shot,3PT FG,Right Corner 3,Right Side(R),24+ ft.,24,237,78,1,1,11-19-1997,CHH,POR,Q2
88,Shot Chart Detail,0029700141,130,209,Dell Curry,1610612766,Charlotte Hornets,2,10,45,Missed Shot,Jump Shot,3PT FG,Right Corner 3,Right Side(R),24+ ft.,23,231,-12,1,0,11-19-1997,CHH,POR,Q2
89,Shot Chart Detail,0029700141,358,209,Dell Curry,1610612766,Charlotte Hornets,3,1,8,Missed Shot,Jump Shot,2PT FG,In The Paint (Non-RA),Center(C),8-16 ft.,11,-1,111,1,0,11-19-1997,CHH,POR,Q3
90,Shot Chart Detail,0029700141,383,209,Dell Curry,1610612766,Charlotte Hornets,4,10,30,Made Shot,Jump Shot,2PT FG,Mid-Range,Left Side(L),16-24 ft.,16,-166,5,1,1,11-19-1997,CHH,POR,Q4
91,Shot Chart Detail,0029700141,394,209,Dell Curry,1610612766,Charlotte Hornets,4,9,40,Made Shot,Jump Shot,3PT FG,Above the Break 3,Left Side Center(LC),24+ ft.,24,-224,106,1,1,11-19-1997,CHH,POR,Q4
92,Shot Chart Detail,0029700141,398,209,Dell Curry,1610612766,Charlotte Hornets,4,9,10,Made Shot,Dunk Shot,2PT FG,Restricted Area,Center(C),Less Than 8 ft.,0,0,0,1,1,11-19-1997,CHH,POR,Q4
93,Shot Chart Detail,0029700141,428,209,Dell Curry,1610612766,Charlotte Hornets,4,6,5,Missed Shot,Jump Shot,3PT FG,Above the Break 3,Right Side Center(RC),24+ ft.,24,104,218,1,0,11-19-1997,CHH,POR,Q4
94,Shot Chart Detail,0029700155,107,209,Dell Curry,1610612766,Charlotte Hornets,2,11,32,Missed Shot,Jump Shot,2PT FG,Restricted Area,Center(C),Less Than 8 ft.,3,-14,31,1,0,11-21-1997,CHH,MIA,Q2
95,Shot Chart Detail,0029700155,109,209,Dell Curry,1610612766,Charlotte Hornets,2,11,26,Made Shot,Jump Shot,3PT FG,Left Corner 3,Left Side(L),24+ ft.,23,-235,-10,1,1,11-21-1997,CHH,MIA,Q2
96,Shot Chart Detail,0029700155,137,209,Dell Curry,1610612766,Charlotte Hornets,2,8,34,Made Shot,Layup Shot,2PT FG,Restricted Area,Center(C),Less Than 8 ft.,0,0,0,1,1,11-21-1997,CHH,MIA,Q2
97,Shot Chart Detail,0029700155,192,209,Dell Curry,1610612766,Charlotte Hornets,2,3,41,Missed Shot,Jump Shot,2PT FG,Mid-Range,Left Side(L),8-16 ft.,11,-100,66,1,0,11-21-1997,CHH,MIA,Q2
98,Shot Chart Detail,0029700155,204,209,Dell Curry,1610612766,Charlotte Hornets,2,2,22,Made Shot,Jump Shot,2PT FG,Mid-Range,Center(C),16-24 ft.,19,1,196,1,1,11-21-1997,CHH,MIA,Q2
99,Shot Chart Detail,0029700155,212,209,Dell Curry,1610612766,Charlotte Hornets,2,1,21,Missed Shot,Jump Shot,2PT FG,Mid-Range,Right Side(R),16-24 ft.,20,203,-1,1,0,11-21-1997,CHH,MIA,Q2
100,Shot Chart Detail,0029700155,226,209,Dell Curry,1610612766,Charlotte Hornets,2,0,13,Missed Shot,Jump Shot,2PT FG,Mid-Range,Left Side(L),8-16 ft.,9,-89,29,1,0,11-21-1997,CHH,MIA,Q2
101,Shot Chart Detail,0029700155,371,209,Dell Curry,1610612766,Charlotte Hornets,4,9,30,Made Shot,Jump Shot,2PT FG,In The Paint (Non-RA),Center(C),8-16 ft.,10,-44,100,1,1,11-21-1997,CHH,MIA,Q4
102,Shot Chart Detail,0029700155,373,209,Dell Curry,1610612766,Charlotte Hornets,4,8,51,Missed Shot,Jump Shot,2PT FG,Mid-Range,Right Side(R),16-24 ft.,20,190,81,1,0,11-21-1997,CHH,MIA,Q4
103,Shot Chart Detail,0029700155,390,209,Dell Curry,1610612766,Charlotte Hornets,4,7,8,Missed Shot,Jump Shot,2PT FG,Restricted Area,Center(C),Less Than 8 ft.,3,38,12,1,0,11-21-1997,CHH,MIA,Q4
104,Shot Chart Detail,0029700155,395,209,Dell Curry,1610612766,Charlotte Hornets,4,6,37,Made Shot,Layup Shot,2PT FG,Restricted Area,Center(C),Less Than 8 ft.,0,0,0,1,1,11-21-1997,CHH,MIA,Q4
105,Shot Chart Detail,0029700165,160,209,Dell Curry,1610612766,Charlotte Hornets,2,9,10,Made Shot,Layup Shot,2PT FG,Restricted Area,Center(C),Less Than 8 ft.,0,-3,-5,1,1,11-22-1997,IND,CHH,Q2
106,Shot Chart Detail,0029700165,166,209,Dell Curry,1610612766,Charlotte Hornets,2,8,37,Missed Shot,Jump Shot,2PT FG,Mid-Range,Left Side(L),16-24 ft.,18,-166,70,1,0,11-22-1997,IND,CHH,Q2
107,Shot Chart Detail,0029700165,175,209,Dell Curry,1610612766,Charlotte Hornets,2,7,41,Missed Shot,Jump Shot,3PT FG,Left Corner 3,Left Side(L),24+ ft.,24,-233,59,1,0,11-22-1997,IND,CHH,Q2
108,Shot Chart Detail,0029700165,178,209,Dell Curry,1610612766,Charlotte Hornets,2,7,13,Made Shot,Jump Shot,3PT FG,Right Corner 3,Right Side(R),24+ ft.,23,231,36,1,1,11-22-1997,IND,CHH,Q2
109,Shot Chart Detail,0029700165,199,209,Dell Curry,1610612766,Charlotte Hornets,2,5,26,Made Shot,Layup Shot,2PT FG,Restricted Area,Center(C),Less Than 8 ft.,0,0,-3,1,1,11-22-1997,IND,CHH,Q2
110,Shot Chart Detail,0029700165,201,209,Dell Curry,1610612766,Charlotte Hornets,2,5,3,Made Shot,Jump Shot,2PT FG,Mid-Range,Right Side(R),16-24 ft.,20,186,93,1,1,11-22-1997,IND,CHH,Q2
111,Shot Chart Detail,0029700165,321,209,Dell Curry,1610612766,Charlotte Hornets,3,3,14,Missed Shot,Jump Shot,2PT FG,Mid-Range,Right Side(R),16-24 ft.,17,177,-3,1,0,11-22-1997,IND,CHH,Q3
112,Shot Chart Detail,0029700165,340,209,Dell Curry,1610612766,Charlotte Hornets,3,0,59,Made Shot,Jump Shot,3PT FG,Above the Break 3,Left Side Center(LC),24+ ft.,25,-235,89,1,1,11-22-1997,IND,CHH,Q3
113,Shot Chart Detail,0029700165,379,209,Dell Curry,1610612766,Charlotte Hornets,4,8,42,Made Shot,Tip Shot,2PT FG,Restricted Area,Center(C),Less Than 8 ft.,0,-8,-3,1,1,11-22-1997,IND,CHH,Q4
114,Shot Chart Detail,0029700178,117,209,Dell Curry,1610612766,Charlotte Hornets,2,8,52,Made Shot,Jump Shot,2PT FG,Mid-Range,Right Side(R),16-24 ft.,20,179,98,1,1,11-25-1997,CHH,DET,Q2
115,Shot Chart Detail,0029700178,166,209,Dell Curry,1610612766,Charlotte Hornets,2,3,22,Made Shot,Jump Shot,3PT FG,Right Corner 3,Right Side(R),24+ ft.,23,233,-29,1,1,11-25-1997,CHH,DET,Q2
116,Shot Chart Detail,0029700178,171,209,Dell Curry,1610612766,Charlotte Hornets,2,2,41,Made Shot,Jump Shot,2PT FG,Mid-Range,Left Side(L),8-16 ft.,9,-98,-18,1,1,11-25-1997,CHH,DET,Q2
117,Shot Chart Detail,0029700178,181,209,Dell Curry,1610612766,Charlotte Hornets,2,0,45,Missed Shot,Jump Shot,2PT FG,Mid-Range,Right Side(R),16-24 ft.,18,188,12,1,0,11-25-1997,CHH,DET,Q2
118,Shot Chart Detail,0029700178,321,209,Dell Curry,1610612766,Charlotte Hornets,3,0,18,Missed Shot,Jump Shot,3PT FG,Above the Break 3,Right Side Center(RC),24+ ft.,26,188,186,1,0,11-25-1997,CHH,DET,Q3
119,Shot Chart Detail,0029700178,362,209,Dell Curry,1610612766,Charlotte Hornets,4,8,17,Missed Shot,Jump Shot,2PT FG,Mid-Range,Right Side Center(RC),16-24 ft.,19,145,130,1,0,11-25-1997,CHH,DET,Q4
120,Shot Chart Detail,0029700196,75,209,Dell Curry,1610612766,Charlotte Hornets,1,2,7,Made Shot,Layup Shot,2PT FG,Restricted Area,Center(C),Less Than 8 ft.,0,0,0,1,1,11-28-1997,CHH,CLE,Q1
121,Shot Chart Detail,0029700196,81,209,Dell Curry,1610612766,Charlotte Hornets,1,1,38,Missed Shot,Jump Shot,3PT FG,Above the Break 3,Right Side Center(RC),24+ ft.,25,222,117,1,0,11-28-1997,CHH,CLE,Q1
122,Shot Chart Detail,0029700196,144,209,Dell Curry,1610612766,Charlotte Hornets,2,7,19,Missed Shot,Jump Shot,3PT FG,Above the Break 3,Right Side Center(RC),24+ ft.,24,216,111,1,0,11-28-1997,CHH,CLE,Q2
123,Shot Chart Detail,0029700196,148,209,Dell Curry,1610612766,Charlotte Hornets,2,6,49,Made Shot,Jump Shot,2PT FG,Mid-Range,Right Side(R),8-16 ft.,12,119,-21,1,1,11-28-1997,CHH,CLE,Q2
124,Shot Chart Detail,0029700196,155,209,Dell Curry,1610612766,Charlotte Hornets,2,5,49,Missed Shot,Jump Shot,2PT FG,Mid-Range,Right Side(R),8-16 ft.,9,91,-8,1,0,11-28-1997,CHH,CLE,Q2
125,Shot Chart Detail,0029700196,340,209,Dell Curry,1610612766,Charlotte Hornets,3,1,7,Missed Shot,Jump Shot,3PT FG,Above the Break 3,Left Side Center(LC),24+ ft.,24,-203,136,1,0,11-28-1997,CHH,CLE,Q3
126,Shot Chart Detail,0029700196,346,209,Dell Curry,1610612766,Charlotte Hornets,3,0,6,Made Shot,Tip Shot,2PT FG,Restricted Area,Center(C),Less Than 8 ft.,0,0,0,1,1,11-28-1997,CHH,CLE,Q3
127,Shot Chart Detail,0029700196,376,209,Dell Curry,1610612766,Charlotte Hornets,4,9,10,Made Shot,Jump Shot,3PT FG,Above the Break 3,Right Side Center(RC),24+ ft.,24,214,124,1,1,11-28-1997,CHH,CLE,Q4
128,Shot Chart Detail,0029700208,142,209,Dell Curry,1610612766,Charlotte Hornets,2,7,50,Missed Shot,Jump Shot,3PT FG,Above the Break 3,Right Side Center(RC),24+ ft.,25,145,209,1,0,11-29-1997,ATL,CHH,Q2
129,Shot Chart Detail,0029700208,144,209,Dell Curry,1610612766,Charlotte Hornets,2,7,46,Missed Shot,Jump Shot,2PT FG,Mid-Range,Left Side Center(LC),16-24 ft.,18,-79,164,1,0,11-29-1997,ATL,CHH,Q2
130,Shot Chart Detail,0029700208,146,209,Dell Curry,1610612766,Charlotte Hornets,2,7,42,Made Shot,Jump Shot,3PT FG,Above the Break 3,Right Side Center(RC),24+ ft.,25,154,207,1,1,11-29-1997,ATL,CHH,Q2
131,Shot Chart Detail,0029700208,149,209,Dell Curry,1610612766,Charlotte Hornets,2,7,17,Missed Shot,Jump Shot,2PT FG,In The Paint (Non-RA),Center(C),Less Than 8 ft.,7,72,-3,1,0,11-29-1997,ATL,CHH,Q2
132,Shot Chart Detail,0029700208,160,209,Dell Curry,1610612766,Charlotte Hornets,2,6,27,Missed Shot,Jump Shot,2PT FG,Mid-Range,Right Side(R),8-16 ft.,15,151,8,1,0,11-29-1997,ATL,CHH,Q2
133,Shot Chart Detail,0029700208,176,209,Dell Curry,1610612766,Charlotte Hornets,2,4,38,Missed Shot,Jump Shot,2PT FG,In The Paint (Non-RA),Center(C),Less Than 8 ft.,7,-8,78,1,0,11-29-1997,ATL,CHH,Q2
134,Shot Chart Detail,0029700208,316,209,Dell Curry,1610612766,Charlotte Hornets,3,2,37,Made Shot,Jump Shot,2PT FG,Mid-Range,Right Side(R),16-24 ft.,16,149,61,1,1,11-29-1997,ATL,CHH,Q3
135,Shot Chart Detail,0029700208,363,209,Dell Curry,1610612766,Charlotte Hornets,4,10,30,Missed Shot,Jump Shot,3PT FG,Right Corner 3,Right Side(R),24+ ft.,23,231,53,1,0,11-29-1997,ATL,CHH,Q4
136,Shot Chart Detail,0029700208,365,209,Dell Curry,1610612766,Charlotte Hornets,4,10,26,Missed Shot,Jump Shot,2PT FG,Mid-Range,Right Side(R),16-24 ft.,17,164,57,1,0,11-29-1997,ATL,CHH,Q4
137,Shot Chart Detail,0029700208,412,209,Dell Curry,1610612766,Charlotte Hornets,4,5,36,Missed Shot,Jump Shot,3PT FG,Right Corner 3,Right Side(R),24+ ft.,23,233,8,1,0,11-29-1997,ATL,CHH,Q4
138,Shot Chart Detail,0029700208,450,209,Dell Curry,1610612766,Charlotte Hornets,4,1,29,Missed Shot,Jump Shot,2PT FG,In The Paint (Non-RA),Center(C),Less Than 8 ft.,5,53,0,1,0,11-29-1997,ATL,CHH,Q4
139,Shot Chart Detail,0029700222,166,209,Dell Curry,1610612766,Charlotte Hornets,2,3,17,Made Shot,Jump Shot,3PT FG,Right Corner 3,Right Side(R),24+ ft.,23,231,10,1,1,12-02-1997,CHH,SAC,Q2
140,Shot Chart Detail,0029700222,169,209,Dell Curry,1610612766,Charlotte Hornets,2,2,50,Made Shot,Jump Shot,2PT FG,In The Paint (Non-RA),Center(C),Less Than 8 ft.,4,8,44,1,1,12-02-1997,CHH,SAC,Q2
141,Shot Chart Detail,0029700222,283,209,Dell Curry,1610612766,Charlotte Hornets,3,2,38,Made Shot,Jump Shot,2PT FG,Mid-Range,Left Side(L),16-24 ft.,18,-182,-31,1,1,12-02-1997,CHH,SAC,Q3
142,Shot Chart Detail,0029700222,285,209,Dell Curry,1610612766,Charlotte Hornets,3,1,59,Made Shot,Jump Shot,2PT FG,Mid-Range,Right Side(R),16-24 ft.,17,173,-3,1,1,12-02-1997,CHH,SAC,Q3
143,Shot Chart Detail,0029700222,292,209,Dell Curry,1610612766,Charlotte Hornets,3,1,23,Missed Shot,Jump Shot,2PT FG,In The Paint (Non-RA),Center(C),Less Than 8 ft.,7,-46,61,1,0,12-02-1997,CHH,SAC,Q3
144,Shot Chart Detail,0029700222,298,209,Dell Curry,1610612766,Charlotte Hornets,3,0,37,Missed Shot,Jump Shot,3PT FG,Left Corner 3,Left Side(L),24+ ft.,23,-229,-27,1,0,12-02-1997,CHH,SAC,Q3
145,Shot Chart Detail,0029700222,347,209,Dell Curry,1610612766,Charlotte Hornets,4,6,37,Made Shot,Layup Shot,2PT FG,Restricted Area,Center(C),Less Than 8 ft.,0,0,0,1,1,12-02-1997,CHH,SAC,Q4
146,Shot Chart Detail,0029700222,353,209,Dell Curry,1610612766,Charlotte Hornets,4,6,11,Made Shot,Jump Shot,2PT FG,Mid-Range,Left Side(L),16-24 ft.,22,-209,76,1,1,12-02-1997,CHH,SAC,Q4
147,Shot Chart Detail,0029700222,357,209,Dell Curry,1610612766,Charlotte Hornets,4,5,45,Made Shot,Jump Shot,2PT FG,Mid-Range,Left Side Center(LC),16-24 ft.,18,-100,158,1,1,12-02-1997,CHH,SAC,Q4
148,Shot Chart Detail,0029700222,362,209,Dell Curry,1610612766,Charlotte Hornets,4,5,13,Made Shot,Jump Shot,2PT FG,Mid-Range,Left Side Center(LC),16-24 ft.,20,-119,166,1,1,12-02-1997,CHH,SAC,Q4
149,Shot Chart Detail,0029700238,46,209,Dell Curry,1610612766,Charlotte Hornets,1,6,29,Missed Shot,Jump Shot,2PT FG,In The Paint (Non-RA),Center(C),Less Than 8 ft.,7,-57,46,1,0,12-04-1997,MIL,CHH,Q1
150,Shot Chart Detail,0029700238,58,209,Dell Curry,1610612766,Charlotte Hornets,1,4,27,Made Shot,Jump Shot,2PT FG,Mid-Range,Right Side(R),16-24 ft.,18,166,70,1,1,12-04-1997,MIL,CHH,Q1
151,Shot Chart Detail,0029700238,65,209,Dell Curry,1610612766,Charlotte Hornets,1,3,38,Missed Shot,Jump Shot,2PT FG,Mid-Range,Right Side(R),8-16 ft.,13,138,3,1,0,12-04-1997,MIL,CHH,Q1
152,Shot Chart Detail,0029700238,71,209,Dell Curry,1610612766,Charlotte Hornets,1,3,17,Made Shot,Layup Shot,2PT FG,Restricted Area,Center(C),Less Than 8 ft.,0,0,0,1,1,12-04-1997,MIL,CHH,Q1
153,Shot Chart Detail,0029700238,103,209,Dell Curry,1610612766,Charlotte Hornets,1,0,28,Missed Shot,Jump Shot,2PT FG,Mid-Range,Right Side(R),8-16 ft.,13,136,-8,1,0,12-04-1997,MIL,CHH,Q1
154,Shot Chart Detail,0029700238,115,209,Dell Curry,1610612766,Charlotte Hornets,2,10,36,Made Shot,Layup Shot,2PT FG,Restricted Area,Center(C),Less Than 8 ft.,0,0,0,1,1,12-04-1997,MIL,CHH,Q2
155,Shot Chart Detail,0029700238,293,209,Dell Curry,1610612766,Charlotte Hornets,3,2,34,Missed Shot,Jump Shot,2PT FG,Mid-Range,Left Side Center(LC),16-24 ft.,18,-130,130,1,0,12-04-1997,MIL,CHH,Q3
156,Shot Chart Detail,0029700238,298,209,Dell Curry,1610612766,Charlotte Hornets,3,1,27,Made Shot,Layup Shot,2PT FG,Restricted Area,Center(C),Less Than 8 ft.,0,0,0,1,1,12-04-1997,MIL,CHH,Q3
157,Shot Chart Detail,0029700238,383,209,Dell Curry,1610612766,Charlotte Hornets,4,4,48,Made Shot,Layup Shot,2PT FG,Restricted Area,Center(C),Less Than 8 ft.,0,0,0,1,1,12-04-1997,MIL,CHH,Q4
158,Shot Chart Detail,0029700238,404,209,Dell Curry,1610612766,Charlotte Hornets,4,3,7,Made Shot,Jump Shot,3PT FG,Right Corner 3,Right Side(R),24+ ft.,23,231,-5,1,1,12-04-1997,MIL,CHH,Q4
159,Shot Chart Detail,0029700238,414,209,Dell Curry,1610612766,Charlotte Hornets,4,2,22,Missed Shot,Jump Shot,3PT FG,Above the Break 3,Right Side Center(RC),24+ ft.,24,184,156,1,0,12-04-1997,MIL,CHH,Q4
160,Shot Chart Detail,0029700238,421,209,Dell Curry,1610612766,Charlotte Hornets,4,1,13,Missed Shot,Jump Shot,3PT FG,Above the Break 3,Left Side Center(LC),24+ ft.,26,-130,229,1,0,12-04-1997,MIL,CHH,Q4
161,Shot Chart Detail,0029700253,16,209,Dell Curry,1610612766,Charlotte Hornets,1,9,45,Made Shot,Jump Shot,2PT FG,Mid-Range,Left Side Center(LC),16-24 ft.,20,-158,124,1,1,12-06-1997,NYK,CHH,Q1
162,Shot Chart Detail,0029700253,35,209,Dell Curry,1610612766,Charlotte Hornets,1,7,45,Made Shot,Jump Shot,2PT FG,Mid-Range,Right Side(R),16-24 ft.,19,184,66,1,1,12-06-1997,NYK,CHH,Q1
163,Shot Chart Detail,0029700253,62,209,Dell Curry,1610612766,Charlotte Hornets,1,4,46,Missed Shot,Jump Shot,3PT FG,Above the Break 3,Left Side Center(LC),24+ ft.,25,-229,109,1,0,12-06-1997,NYK,CHH,Q1
164,Shot Chart Detail,0029700253,68,209,Dell Curry,1610612766,Charlotte Hornets,1,4,24,Missed Shot,Jump Shot,2PT FG,Mid-Range,Left Side Center(LC),16-24 ft.,20,-128,162,1,0,12-06-1997,NYK,CHH,Q1
165,Shot Chart Detail,0029700253,78,209,Dell Curry,1610612766,Charlotte Hornets,1,3,7,Made Shot,Jump Shot,2PT FG,Mid-Range,Right Side(R),8-16 ft.,15,158,-1,1,1,12-06-1997,NYK,CHH,Q1
166,Shot Chart Detail,0029700253,207,209,Dell Curry,1610612766,Charlotte Hornets,2,5,1,Made Shot,Jump Shot,2PT FG,Mid-Range,Left Side Center(LC),16-24 ft.,21,-169,134,1,1,12-06-1997,NYK,CHH,Q2
167,Shot Chart Detail,0029700253,234,209,Dell Curry,1610612766,Charlotte Hornets,2,2,19,Missed Shot,Jump Shot,2PT FG,Mid-Range,Left Side Center(LC),16-24 ft.,17,-130,124,1,0,12-06-1997,NYK,CHH,Q2
168,Shot Chart Detail,0029700253,259,209,Dell Curry,1610612766,Charlotte Hornets,2,0,16,Made Shot,Layup Shot,2PT FG,Restricted Area,Center(C),Less Than 8 ft.,0,0,0,1,1,12-06-1997,NYK,CHH,Q2
169,Shot Chart Detail,0029700253,290,209,Dell Curry,1610612766,Charlotte Hornets,3,9,53,Missed Shot,Jump Shot,2PT FG,Mid-Range,Right Side Center(RC),16-24 ft.,19,121,158,1,0,12-06-1997,NYK,CHH,Q3
170,Shot Chart Detail,0029700253,331,209,Dell Curry,1610612766,Charlotte Hornets,3,4,46,Missed Shot,Jump Shot,2PT FG,Mid-Range,Left Side Center(LC),16-24 ft.,21,-126,175,1,0,12-06-1997,NYK,CHH,Q3
171,Shot Chart Detail,0029700253,379,209,Dell Curry,1610612766,Charlotte Hornets,3,0,0,Missed Shot,Jump Shot,3PT FG,Above the Break 3,Right Side Center(RC),24+ ft.,25,179,177,1,0,12-06-1997,NYK,CHH,Q3
172,Shot Chart Detail,0029700270,114,209,Dell Curry,1610612766,Charlotte Hornets,1,0,42,Missed Shot,Jump Shot,3PT FG,Left Corner 3,Left Side(L),24+ ft.,23,-231,5,1,0,12-09-1997,TOR,CHH,Q1
173,Shot Chart Detail,0029700270,157,209,Dell Curry,1610612766,Charlotte Hornets,2,8,24,Made Shot,Jump Shot,2PT FG,Mid-Range,Right Side Center(RC),16-24 ft.,21,147,158,1,1,12-09-1997,TOR,CHH,Q2
174,Shot Chart Detail,0029700270,174,209,Dell Curry,1610612766,Charlotte Hornets,2,6,45,Missed Shot,Jump Shot,3PT FG,Above the Break 3,Right Side Center(RC),24+ ft.,25,136,212,1,0,12-09-1997,TOR,CHH,Q2
175,Shot Chart Detail,0029700270,192,209,Dell Curry,1610612766,Charlotte Hornets,2,4,29,Missed Shot,Jump Shot,2PT FG,Mid-Range,Right Side(R),8-16 ft.,15,154,12,1,0,12-09-1997,TOR,CHH,Q2
176,Shot Chart Detail,0029700270,343,209,Dell Curry,1610612766,Charlotte Hornets,3,1,49,Missed Shot,Jump Shot,3PT FG,Above the Break 3,Left Side Center(LC),24+ ft.,24,-194,156,1,0,12-09-1997,TOR,CHH,Q3
177,Shot Chart Detail,0029700270,349,209,Dell Curry,1610612766,Charlotte Hornets,3,0,42,Missed Shot,Jump Shot,2PT FG,Mid-Range,Left Side(L),16-24 ft.,19,-184,55,1,0,12-09-1997,TOR,CHH,Q3
178,Shot Chart Detail,0029700270,364,209,Dell Curry,1610612766,Charlotte Hornets,3,0,1,Missed Shot,Jump Shot,3PT FG,Above the Break 3,Left Side Center(LC),24+ ft.,33,-141,306,1,0,12-09-1997,TOR,CHH,Q3
179,Shot Chart Detail,0029700281,120,209,Dell Curry,1610612766,Charlotte Hornets,1,1,48,Made Shot,Jump Shot,2PT FG,Mid-Range,Center(C),8-16 ft.,15,-18,156,1,1,12-10-1997,CHH,WAS,Q1
180,Shot Chart Detail,0029700281,135,209,Dell Curry,1610612766,Charlotte Hornets,1,0,3,Made Shot,Jump Shot,3PT FG,Above the Break 3,Right Side Center(RC),24+ ft.,24,222,113,1,1,12-10-1997,CHH,WAS,Q1
181,Shot Chart Detail,0029700281,149,209,Dell Curry,1610612766,Charlotte Hornets,2,10,58,Missed Shot,Jump Shot,2PT FG,Mid-Range,Right Side Center(RC),16-24 ft.,17,121,128,1,0,12-10-1997,CHH,WAS,Q2
182,Shot Chart Detail,0029700281,161,209,Dell Curry,1610612766,Charlotte Hornets,2,10,8,Missed Shot,Jump Shot,2PT FG,In The Paint (Non-RA),Center(C),Less Than 8 ft.,5,-6,59,1,0,12-10-1997,CHH,WAS,Q2
183,Shot Chart Detail,0029700281,163,209,Dell Curry,1610612766,Charlotte Hornets,2,10,1,Missed Shot,Jump Shot,2PT FG,Restricted Area,Center(C),Less Than 8 ft.,3,-25,23,1,0,12-10-1997,CHH,WAS,Q2
184,Shot Chart Detail,0029700281,206,209,Dell Curry,1610612766,Charlotte Hornets,2,5,4,Missed Shot,Jump Shot,3PT FG,Above the Break 3,Right Side Center(RC),24+ ft.,23,222,89,1,0,12-10-1997,CHH,WAS,Q2
185,Shot Chart Detail,0029700281,212,209,Dell Curry,1610612766,Charlotte Hornets,2,4,7,Missed Shot,Jump Shot,2PT FG,Mid-Range,Right Side Center(RC),16-24 ft.,18,78,173,1,0,12-10-1997,CHH,WAS,Q2
186,Shot Chart Detail,0029700281,218,209,Dell Curry,1610612766,Charlotte Hornets,2,3,31,Missed Shot,Jump Shot,2PT FG,Mid-Range,Right Side(R),16-24 ft.,16,145,78,1,0,12-10-1997,CHH,WAS,Q2
187,Shot Chart Detail,0029700281,233,209,Dell Curry,1610612766,Charlotte Hornets,2,2,16,Made Shot,Driving Layup Shot,2PT FG,Restricted Area,Center(C),Less Than 8 ft.,0,0,0,1,1,12-10-1997,CHH,WAS,Q2
188,Shot Chart Detail,0029700281,251,209,Dell Curry,1610612766,Charlotte Hornets,2,0,0,Missed Shot,Jump Shot,2PT FG,Mid-Range,Right Side(R),16-24 ft.,20,196,74,1,0,12-10-1997,CHH,WAS,Q2
189,Shot Chart Detail,0029700281,319,209,Dell Curry,1610612766,Charlotte Hornets,3,3,54,Missed Shot,Jump Shot,2PT FG,Mid-Range,Right Side(R),8-16 ft.,14,147,14,1,0,12-10-1997,CHH,WAS,Q3
190,Shot Chart Detail,0029700281,323,209,Dell Curry,1610612766,Charlotte Hornets,3,3,31,Missed Shot,Jump Shot,3PT FG,Left Corner 3,Left Side(L),24+ ft.,23,-231,-12,1,0,12-10-1997,CHH,WAS,Q3
191,Shot Chart Detail,0029700281,332,209,Dell Curry,1610612766,Charlotte Hornets,3,3,10,Missed Shot,Jump Shot,3PT FG,Above the Break 3,Left Side Center(LC),24+ ft.,24,-220,117,1,0,12-10-1997,CHH,WAS,Q3
192,Shot Chart Detail,0029700281,339,209,Dell Curry,1610612766,Charlotte Hornets,3,2,11,Made Shot,Layup Shot,2PT FG,Restricted Area,Center(C),Less Than 8 ft.,0,0,0,1,1,12-10-1997,CHH,WAS,Q3
193,Shot Chart Detail,0029700281,365,209,Dell Curry,1610612766,Charlotte Hornets,4,11,46,Made Shot,Jump Shot,3PT FG,Above the Break 3,Right Side Center(RC),24+ ft.,24,216,124,1,1,12-10-1997,CHH,WAS,Q4
194,Shot Chart Detail,0029700281,369,209,Dell Curry,1610612766,Charlotte Hornets,4,11,21,Missed Shot,Jump Shot,3PT FG,Left Corner 3,Left Side(L),24+ ft.,22,-227,-14,1,0,12-10-1997,CHH,WAS,Q4
195,Shot Chart Detail,0029700281,406,209,Dell Curry,1610612766,Charlotte Hornets,4,7,18,Missed Shot,Jump Shot,2PT FG,In The Paint (Non-RA),Center(C),Less Than 8 ft.,6,-25,55,1,0,12-10-1997,CHH,WAS,Q4
196,Shot Chart Detail,0029700293,123,209,Dell Curry,1610612766,Charlotte Hornets,2,8,44,Missed Shot,Jump Shot,2PT FG,Mid-Range,Left Side(L),8-16 ft.,15,-139,66,1,0,12-12-1997,CHH,CHI,Q2
197,Shot Chart Detail,0029700293,139,209,Dell Curry,1610612766,Charlotte Hornets,2,8,4,Made Shot,Jump Shot,2PT FG,Mid-Range,Left Side(L),16-24 ft.,19,-190,-29,1,1,12-12-1997,CHH,CHI,Q2
198,Shot Chart Detail,0029700293,142,209,Dell Curry,1610612766,Charlotte Hornets,2,7,25,Made Shot,Jump Shot,2PT FG,In The Paint (Non-RA),Center(C),Less Than 8 ft.,5,-57,16,1,1,12-12-1997,CHH,CHI,Q2
199,Shot Chart Detail,0029700293,147,209,Dell Curry,1610612766,Charlotte Hornets,2,6,35,Made Shot,Jump Shot,3PT FG,Above the Break 3,Right Side Center(RC),24+ ft.,24,179,171,1,1,12-12-1997,CHH,CHI,Q2
200,Shot Chart Detail,0029700293,285,209,Dell Curry,1610612766,Charlotte Hornets,3,3,58,Missed Shot,Jump Shot,2PT FG,Mid-Range,Left Side(L),8-16 ft.,8,-83,10,1,0,12-12-1997,CHH,CHI,Q3
201,Shot Chart Detail,0029700293,345,209,Dell Curry,1610612766,Charlotte Hornets,4,9,22,Missed Shot,Jump Shot,3PT FG,Above the Break 3,Left Side Center(LC),24+ ft.,24,-220,104,1,0,12-12-1997,CHH,CHI,Q4
202,Shot Chart Detail,0029700293,441,209,Dell Curry,1610612766,Charlotte Hornets,4,0,5,Made Shot,Jump Shot,2PT FG,Mid-Range,Left Side Center(LC),16-24 ft.,16,-113,124,1,1,12-12-1997,CHH,CHI,Q4
203,Shot Chart Detail,0029700302,78,209,Dell Curry,1610612766,Charlotte Hornets,1,3,15,Missed Shot,Driving Layup Shot,2PT FG,Restricted Area,Center(C),Less Than 8 ft.,1,-10,-10,1,0,12-13-1997,CLE,CHH,Q1
204,Shot Chart Detail,0029700302,115,209,Dell Curry,1610612766,Charlotte Hornets,1,0,32,Missed Shot,Jump Shot,3PT FG,Above the Break 3,Left Side Center(LC),24+ ft.,26,-171,199,1,0,12-13-1997,CLE,CHH,Q1
205,Shot Chart Detail,0029700302,144,209,Dell Curry,1610612766,Charlotte Hornets,2,9,47,Made Shot,Jump Shot,2PT FG,Mid-Range,Right Side Center(RC),16-24 ft.,17,130,115,1,1,12-13-1997,CLE,CHH,Q2
206,Shot Chart Detail,0029700302,388,209,Dell Curry,1610612766,Charlotte Hornets,3,0,0,Missed Shot,Jump Shot,3PT FG,Above the Break 3,Right Side Center(RC),24+ ft.,27,128,246,1,0,12-13-1997,CLE,CHH,Q3
207,Shot Chart Detail,0029700302,403,209,Dell Curry,1610612766,Charlotte Hornets,4,10,54,Made Shot,Jump Shot,3PT FG,Above the Break 3,Left Side Center(LC),24+ ft.,25,-231,98,1,1,12-13-1997,CLE,CHH,Q4
208,Shot Chart Detail,0029700302,425,209,Dell Curry,1610612766,Charlotte Hornets,4,8,23,Made Shot,Jump Shot,3PT FG,Above the Break 3,Left Side Center(LC),24+ ft.,25,-126,222,1,1,12-13-1997,CLE,CHH,Q4
209,Shot Chart Detail,0029700302,428,209,Dell Curry,1610612766,Charlotte Hornets,4,7,21,Made Shot,Jump Shot,3PT FG,Above the Break 3,Right Side Center(RC),24+ ft.,25,226,111,1,1,12-13-1997,CLE,CHH,Q4
210,Shot Chart Detail,0029700302,441,209,Dell Curry,1610612766,Charlotte Hornets,4,6,0,Missed Shot,Jump Shot,2PT FG,Mid-Range,Right Side(R),16-24 ft.,17,175,42,1,0,12-13-1997,CLE,CHH,Q4
211,Shot Chart Detail,0029700331,106,209,Dell Curry,1610612766,Charlotte Hornets,2,11,1,Made Shot,Layup Shot,2PT FG,Restricted Area,Center(C),Less Than 8 ft.,0,0,0,1,1,12-17-1997,CHH,MIL,Q2
212,Shot Chart Detail,0029700331,118,209,Dell Curry,1610612766,Charlotte Hornets,2,9,46,Made Shot,Jump Shot,2PT FG,Mid-Range,Right Side(R),16-24 ft.,22,201,93,1,1,12-17-1997,CHH,MIL,Q2
213,Shot Chart Detail,0029700331,130,209,Dell Curry,1610612766,Charlotte Hornets,2,8,15,Made Shot,Layup Shot,2PT FG,Restricted Area,Center(C),Less Than 8 ft.,0,0,0,1,1,12-17-1997,CHH,MIL,Q2
214,Shot Chart Detail,0029700331,183,209,Dell Curry,1610612766,Charlotte Hornets,2,2,59,Missed Shot,Jump Shot,2PT FG,Mid-Range,Left Side(L),8-16 ft.,15,-151,-10,1,0,12-17-1997,CHH,MIL,Q2
215,Shot Chart Detail,0029700331,278,209,Dell Curry,1610612766,Charlotte Hornets,3,4,19,Made Shot,Jump Shot,3PT FG,Above the Break 3,Right Side Center(RC),24+ ft.,25,235,98,1,1,12-17-1997,CHH,MIL,Q3
216,Shot Chart Detail,0029700342,112,209,Dell Curry,1610612766,Charlotte Hornets,2,11,2,Missed Shot,Jump Shot,2PT FG,Mid-Range,Right Side(R),16-24 ft.,18,179,-31,1,0,12-19-1997,WAS,CHH,Q2
217,Shot Chart Detail,0029700342,138,209,Dell Curry,1610612766,Charlotte Hornets,2,8,27,Made Shot,Jump Shot,3PT FG,Right Corner 3,Right Side(R),24+ ft.,23,235,48,1,1,12-19-1997,WAS,CHH,Q2
218,Shot Chart Detail,0029700342,155,209,Dell Curry,1610612766,Charlotte Hornets,2,6,25,Missed Shot,Jump Shot,3PT FG,Left Corner 3,Left Side(L),24+ ft.,23,-231,-1,1,0,12-19-1997,WAS,CHH,Q2
219,Shot Chart Detail,0029700342,206,209,Dell Curry,1610612766,Charlotte Hornets,2,2,44,Made Shot,Driving Layup Shot,2PT FG,Restricted Area,Center(C),Less Than 8 ft.,0,1,0,1,1,12-19-1997,WAS,CHH,Q2
220,Shot Chart Detail,0029700342,208,209,Dell Curry,1610612766,Charlotte Hornets,2,2,2,Made Shot,Jump Shot,2PT FG,Mid-Range,Right Side(R),16-24 ft.,20,201,10,1,1,12-19-1997,WAS,CHH,Q2
221,Shot Chart Detail,0029700342,224,209,Dell Curry,1610612766,Charlotte Hornets,2,0,7,Made Shot,Jump Shot,3PT FG,Right Corner 3,Right Side(R),24+ ft.,23,233,33,1,1,12-19-1997,WAS,CHH,Q2
222,Shot Chart Detail,0029700342,326,209,Dell Curry,1610612766,Charlotte Hornets,3,2,44,Missed Shot,Jump Shot,2PT FG,Mid-Range,Left Side(L),16-24 ft.,18,-188,-10,1,0,12-19-1997,WAS,CHH,Q3
223,Shot Chart Detail,0029700342,345,209,Dell Curry,1610612766,Charlotte Hornets,3,0,29,Missed Shot,Layup Shot,2PT FG,Restricted Area,Center(C),Less Than 8 ft.,0,-3,-3,1,0,12-19-1997,WAS,CHH,Q3
224,Shot Chart Detail,0029700342,359,209,Dell Curry,1610612766,Charlotte Hornets,4,11,30,Missed Shot,Jump Shot,2PT FG,Mid-Range,Left Side(L),16-24 ft.,18,-186,-33,1,0,12-19-1997,WAS,CHH,Q4
225,Shot Chart Detail,0029700342,389,209,Dell Curry,1610612766,Charlotte Hornets,4,8,15,Made Shot,Jump Shot,2PT FG,In The Paint (Non-RA),Center(C),Less Than 8 ft.,6,63,10,1,1,12-19-1997,WAS,CHH,Q4
226,Shot Chart Detail,0029700342,411,209,Dell Curry,1610612766,Charlotte Hornets,4,6,20,Made Shot,Jump Shot,2PT FG,Mid-Range,Right Side Center(RC),16-24 ft.,18,147,115,1,1,12-19-1997,WAS,CHH,Q4
227,Shot Chart Detail,0029700342,422,209,Dell Curry,1610612766,Charlotte Hornets,4,4,40,Missed Shot,Jump Shot,2PT FG,Mid-Range,Right Side(R),16-24 ft.,17,173,0,1,0,12-19-1997,WAS,CHH,Q4
228,Shot Chart Detail,0029700352,110,209,Dell Curry,1610612766,Charlotte Hornets,2,9,45,Missed Shot,Jump Shot,3PT FG,Left Corner 3,Left Side(L),24+ ft.,22,-224,1,1,0,12-20-1997,CHH,LAL,Q2
229,Shot Chart Detail,0029700352,335,209,Dell Curry,1610612766,Charlotte Hornets,4,11,13,Missed Shot,Jump Shot,3PT FG,Above the Break 3,Left Side Center(LC),24+ ft.,24,-201,141,1,0,12-20-1997,CHH,LAL,Q4
230,Shot Chart Detail,0029700352,353,209,Dell Curry,1610612766,Charlotte Hornets,4,9,11,Missed Shot,Jump Shot,3PT FG,Above the Break 3,Right Side Center(RC),24+ ft.,24,171,179,1,0,12-20-1997,CHH,LAL,Q4
231,Shot Chart Detail,0029700352,468,209,Dell Curry,1610612766,Charlotte Hornets,4,0,13,Missed Shot,Jump Shot,2PT FG,Mid-Range,Left Side(L),16-24 ft.,17,-166,46,1,0,12-20-1997,CHH,LAL,Q4
232,Shot Chart Detail,0029700367,207,209,Dell Curry,1610612766,Charlotte Hornets,2,2,2,Made Shot,Jump Shot,2PT FG,Mid-Range,Left Side(L),8-16 ft.,10,-106,-21,1,1,12-22-1997,CHH,TOR,Q2
233,Shot Chart Detail,0029700367,217,209,Dell Curry,1610612766,Charlotte Hornets,2,0,1,Missed Shot,Jump Shot,3PT FG,Above the Break 3,Right Side Center(RC),24+ ft.,31,214,227,1,0,12-22-1997,CHH,TOR,Q2
234,Shot Chart Detail,0029700367,339,209,Dell Curry,1610612766,Charlotte Hornets,4,9,41,Missed Shot,Jump Shot,2PT FG,In The Paint (Non-RA),Center(C),Less Than 8 ft.,7,-3,74,1,0,12-22-1997,CHH,TOR,Q4
235,Shot Chart Detail,0029700367,434,209,Dell Curry,1610612766,Charlotte Hornets,4,1,17,Made Shot,Jump Shot,3PT FG,Above the Break 3,Right Side Center(RC),24+ ft.,25,181,173,1,1,12-22-1997,CHH,TOR,Q4
236,Shot Chart Detail,0029700367,436,209,Dell Curry,1610612766,Charlotte Hornets,4,1,9,Missed Shot,Jump Shot,2PT FG,Mid-Range,Right Side Center(RC),16-24 ft.,16,57,154,1,0,12-22-1997,CHH,TOR,Q4
237,Shot Chart Detail,0029700367,440,209,Dell Curry,1610612766,Charlotte Hornets,4,0,50,Made Shot,Jump Shot,3PT FG,Above the Break 3,Left Side Center(LC),24+ ft.,24,-207,136,1,1,12-22-1997,CHH,TOR,Q4
238,Shot Chart Detail,0029700367,453,209,Dell Curry,1610612766,Charlotte Hornets,4,0,7,Missed Shot,Jump Shot,3PT FG,Above the Break 3,Left Side Center(LC),24+ ft.,25,-214,136,1,0,12-22-1997,CHH,TOR,Q4
239,Shot Chart Detail,0029700367,470,209,Dell Curry,1610612766,Charlotte Hornets,4,0,0,Missed Shot,Jump Shot,2PT FG,Mid-Range,Right Side(R),16-24 ft.,17,169,-23,1,0,12-22-1997,CHH,TOR,Q4
240,Shot Chart Detail,0029700373,57,209,Dell Curry,1610612766,Charlotte Hornets,1,5,13,Made Shot,Jump Shot,2PT FG,Mid-Range,Left Side(L),16-24 ft.,20,-209,1,1,1,12-23-1997,BOS,CHH,Q1
241,Shot Chart Detail,0029700373,70,209,Dell Curry,1610612766,Charlotte Hornets,1,4,5,Missed Shot,Jump Shot,2PT FG,Mid-Range,Left Side(L),16-24 ft.,21,-182,119,1,0,12-23-1997,BOS,CHH,Q1
242,Shot Chart Detail,0029700373,104,209,Dell Curry,1610612766,Charlotte Hornets,1,1,5,Made Shot,Jump Shot,2PT FG,Mid-Range,Left Side Center(LC),16-24 ft.,17,-85,158,1,1,12-23-1997,BOS,CHH,Q1
243,Shot Chart Detail,0029700373,106,209,Dell Curry,1610612766,Charlotte Hornets,1,0,25,Missed Shot,Jump Shot,3PT FG,Above the Break 3,Center(C),24+ ft.,25,-61,246,1,0,12-23-1997,BOS,CHH,Q1
244,Shot Chart Detail,0029700373,146,209,Dell Curry,1610612766,Charlotte Hornets,2,9,5,Missed Shot,Jump Shot,3PT FG,Above the Break 3,Right Side Center(RC),24+ ft.,23,173,166,1,0,12-23-1997,BOS,CHH,Q2
245,Shot Chart Detail,0029700373,394,209,Dell Curry,1610612766,Charlotte Hornets,4,9,14,Missed Shot,Jump Shot,3PT FG,Above the Break 3,Left Side Center(LC),24+ ft.,25,-207,141,1,0,12-23-1997,BOS,CHH,Q4
246,Shot Chart Detail,0029700373,526,209,Dell Curry,1610612766,Charlotte Hornets,4,0,55,Made Shot,Jump Shot,3PT FG,Above the Break 3,Left Side Center(LC),24+ ft.,24,-169,184,1,1,12-23-1997,BOS,CHH,Q4
247,Shot Chart Detail,0029700373,531,209,Dell Curry,1610612766,Charlotte Hornets,4,0,39,Missed Shot,Jump Shot,3PT FG,Above the Break 3,Left Side Center(LC),24+ ft.,25,-222,115,1,0,12-23-1997,BOS,CHH,Q4
248,Shot Chart Detail,0029700373,543,209,Dell Curry,1610612766,Charlotte Hornets,4,0,7,Made Shot,Jump Shot,2PT FG,Mid-Range,Left Side(L),16-24 ft.,22,-201,104,1,1,12-23-1997,BOS,CHH,Q4
249,Shot Chart Detail,0029700382,81,209,Dell Curry,1610612766,Charlotte Hornets,1,2,53,Missed Shot,Jump Shot,3PT FG,Above the Break 3,Right Side Center(RC),24+ ft.,23,216,104,1,0,12-26-1997,CHH,CLE,Q1
250,Shot Chart Detail,0029700382,101,209,Dell Curry,1610612766,Charlotte Hornets,1,0,31,Made Shot,Jump Shot,2PT FG,Mid-Range,Left Side(L),8-16 ft.,13,-139,-5,1,1,12-26-1997,CHH,CLE,Q1
251,Shot Chart Detail,0029700382,115,209,Dell Curry,1610612766,Charlotte Hornets,2,10,53,Missed Shot,Jump Shot,3PT FG,Above the Break 3,Right Side Center(RC),24+ ft.,25,186,181,1,0,12-26-1997,CHH,CLE,Q2
252,Shot Chart Detail,0029700382,118,209,Dell Curry,1610612766,Charlotte Hornets,2,10,36,Made Shot,Layup Shot,2PT FG,Restricted Area,Center(C),Less Than 8 ft.,0,0,0,1,1,12-26-1997,CHH,CLE,Q2
253,Shot Chart Detail,0029700382,327,209,Dell Curry,1610612766,Charlotte Hornets,4,10,50,Missed Shot,Jump Shot,2PT FG,In The Paint (Non-RA),Center(C),8-16 ft.,13,-10,134,1,0,12-26-1997,CHH,CLE,Q4
254,Shot Chart Detail,0029700395,64,209,Dell Curry,1610612766,Charlotte Hornets,1,3,31,Missed Shot,Driving Layup Shot,2PT FG,Restricted Area,Center(C),Less Than 8 ft.,0,0,0,1,0,12-27-1997,ORL,CHH,Q1
255,Shot Chart Detail,0029700395,129,209,Dell Curry,1610612766,Charlotte Hornets,2,9,16,Missed Shot,Jump Shot,2PT FG,Mid-Range,Left Side Center(LC),16-24 ft.,22,-179,132,1,0,12-27-1997,ORL,CHH,Q2
256,Shot Chart Detail,0029700395,329,209,Dell Curry,1610612766,Charlotte Hornets,4,10,41,Missed Shot,Jump Shot,2PT FG,Mid-Range,Left Side(L),16-24 ft.,19,-194,33,1,0,12-27-1997,ORL,CHH,Q4
257,Shot Chart Detail,0029700395,332,209,Dell Curry,1610612766,Charlotte Hornets,4,10,5,Missed Shot,Layup Shot,2PT FG,Restricted Area,Center(C),Less Than 8 ft.,0,0,0,1,0,12-27-1997,ORL,CHH,Q4
258,Shot Chart Detail,0029700410,115,209,Dell Curry,1610612766,Charlotte Hornets,2,10,42,Made Shot,Jump Shot,3PT FG,Left Corner 3,Left Side(L),24+ ft.,23,-233,44,1,1,12-29-1997,HOU,CHH,Q2
259,Shot Chart Detail,0029700410,125,209,Dell Curry,1610612766,Charlotte Hornets,2,9,31,Made Shot,Jump Shot,3PT FG,Above the Break 3,Left Side Center(LC),24+ ft.,24,-199,136,1,1,12-29-1997,HOU,CHH,Q2
260,Shot Chart Detail,0029700410,130,209,Dell Curry,1610612766,Charlotte Hornets,2,8,58,Missed Shot,Jump Shot,2PT FG,In The Paint (Non-RA),Center(C),Less Than 8 ft.,5,48,16,1,0,12-29-1997,HOU,CHH,Q2
261,Shot Chart Detail,0029700410,147,209,Dell Curry,1610612766,Charlotte Hornets,2,7,32,Made Shot,Jump Shot,3PT FG,Above the Break 3,Right Side Center(RC),24+ ft.,23,130,201,1,1,12-29-1997,HOU,CHH,Q2
262,Shot Chart Detail,0029700410,175,209,Dell Curry,1610612766,Charlotte Hornets,2,4,26,Missed Shot,Jump Shot,2PT FG,Mid-Range,Right Side Center(RC),16-24 ft.,18,91,164,1,0,12-29-1997,HOU,CHH,Q2
263,Shot Chart Detail,0029700410,186,209,Dell Curry,1610612766,Charlotte Hornets,2,2,49,Made Shot,Jump Shot,3PT FG,Above the Break 3,Left Side Center(LC),24+ ft.,24,-209,119,1,1,12-29-1997,HOU,CHH,Q2
264,Shot Chart Detail,0029700410,192,209,Dell Curry,1610612766,Charlotte Hornets,2,2,25,Missed Shot,Jump Shot,2PT FG,Mid-Range,Left Side(L),16-24 ft.,22,-207,89,1,0,12-29-1997,HOU,CHH,Q2
265,Shot Chart Detail,0029700410,216,209,Dell Curry,1610612766,Charlotte Hornets,2,0,49,Missed Shot,Driving Layup Shot,2PT FG,Restricted Area,Center(C),Less Than 8 ft.,0,0,0,1,0,12-29-1997,HOU,CHH,Q2
266,Shot Chart Detail,0029700410,302,209,Dell Curry,1610612766,Charlotte Hornets,3,3,15,Made Shot,Layup Shot,2PT FG,Restricted Area,Center(C),Less Than 8 ft.,0,0,0,1,1,12-29-1997,HOU,CHH,Q3
267,Shot Chart Detail,0029700410,311,209,Dell Curry,1610612766,Charlotte Hornets,3,2,48,Made Shot,Jump Shot,3PT FG,Right Corner 3,Right Side(R),24+ ft.,22,229,1,1,1,12-29-1997,HOU,CHH,Q3
268,Shot Chart Detail,0029700410,317,209,Dell Curry,1610612766,Charlotte Hornets,3,1,50,Missed Shot,Jump Shot,3PT FG,Left Corner 3,Left Side(L),24+ ft.,22,-220,-5,1,0,12-29-1997,HOU,CHH,Q3
269,Shot Chart Detail,0029700410,321,209,Dell Curry,1610612766,Charlotte Hornets,3,1,20,Made Shot,Jump Shot,3PT FG,Above the Break 3,Right Side Center(RC),24+ ft.,24,201,139,1,1,12-29-1997,HOU,CHH,Q3
270,Shot Chart Detail,0029700410,382,209,Dell Curry,1610612766,Charlotte Hornets,4,5,56,Missed Shot,Jump Shot,3PT FG,Above the Break 3,Left Side Center(LC),24+ ft.,24,-143,194,1,0,12-29-1997,HOU,CHH,Q4
271,Shot Chart Detail,0029700410,401,209,Dell Curry,1610612766,Charlotte Hornets,4,3,59,Made Shot,Jump Shot,2PT FG,Mid-Range,Right Side Center(RC),16-24 ft.,22,141,179,1,1,12-29-1997,HOU,CHH,Q4
272,Shot Chart Detail,0029700429,84,209,Dell Curry,1610612766,Charlotte Hornets,1,0,54,Missed Shot,Jump Shot,2PT FG,In The Paint (Non-RA),Center(C),Less Than 8 ft.,4,-21,36,1,0,01-02-1998,CHH,MIA,Q1
273,Shot Chart Detail,0029700429,88,209,Dell Curry,1610612766,Charlotte Hornets,1,0,51,Missed Shot,Jump Shot,2PT FG,Mid-Range,Left Side(L),8-16 ft.,10,-102,18,1,0,01-02-1998,CHH,MIA,Q1
274,Shot Chart Detail,0029700429,149,209,Dell Curry,1610612766,Charlotte Hornets,2,5,42,Made Shot,Layup Shot,2PT FG,Restricted Area,Center(C),Less Than 8 ft.,0,0,0,1,1,01-02-1998,CHH,MIA,Q2
275,Shot Chart Detail,0029700429,183,209,Dell Curry,1610612766,Charlotte Hornets,2,1,17,Missed Shot,Jump Shot,3PT FG,Right Corner 3,Right Side(R),24+ ft.,24,226,87,1,0,01-02-1998,CHH,MIA,Q2
276,Shot Chart Detail,0029700429,185,209,Dell Curry,1610612766,Charlotte Hornets,2,1,9,Missed Shot,Jump Shot,2PT FG,Mid-Range,Right Side(R),8-16 ft.,14,115,93,1,0,01-02-1998,CHH,MIA,Q2
277,Shot Chart Detail,0029700429,288,209,Dell Curry,1610612766,Charlotte Hornets,3,3,6,Missed Shot,Jump Shot,3PT FG,Right Corner 3,Right Side(R),24+ ft.,23,231,-5,1,0,01-02-1998,CHH,MIA,Q3
278,Shot Chart Detail,0029700429,290,209,Dell Curry,1610612766,Charlotte Hornets,3,3,1,Missed Shot,Jump Shot,2PT FG,Restricted Area,Center(C),Less Than 8 ft.,1,18,3,1,0,01-02-1998,CHH,MIA,Q3
279,Shot Chart Detail,0029700429,413,209,Dell Curry,1610612766,Charlotte Hornets,4,1,4,Made Shot,Jump Shot,3PT FG,Above the Break 3,Right Side Center(RC),24+ ft.,23,222,91,1,1,01-02-1998,CHH,MIA,Q4
280,Shot Chart Detail,0029700451,81,209,Dell Curry,1610612766,Charlotte Hornets,1,3,18,Made Shot,Jump Shot,2PT FG,Mid-Range,Right Side(R),16-24 ft.,20,203,42,1,1,01-04-1998,SAC,CHH,Q1
281,Shot Chart Detail,0029700451,151,209,Dell Curry,1610612766,Charlotte Hornets,2,8,34,Made Shot,Jump Shot,2PT FG,Mid-Range,Left Side(L),16-24 ft.,19,-175,93,1,1,01-04-1998,SAC,CHH,Q2
282,Shot Chart Detail,0029700451,155,209,Dell Curry,1610612766,Charlotte Hornets,2,8,1,Missed Shot,Jump Shot,2PT FG,Mid-Range,Left Side(L),16-24 ft.,20,-201,18,1,0,01-04-1998,SAC,CHH,Q2
283,Shot Chart Detail,0029700451,159,209,Dell Curry,1610612766,Charlotte Hornets,2,7,30,Missed Shot,Driving Layup Shot,2PT FG,Restricted Area,Center(C),Less Than 8 ft.,0,0,0,1,0,01-04-1998,SAC,CHH,Q2
284,Shot Chart Detail,0029700463,140,209,Dell Curry,1610612766,Charlotte Hornets,2,6,54,Missed Shot,Jump Shot,2PT FG,Mid-Range,Right Side Center(RC),16-24 ft.,18,104,149,1,0,01-06-1998,SEA,CHH,Q2
285,Shot Chart Detail,0029700463,150,209,Dell Curry,1610612766,Charlotte Hornets,2,5,58,Missed Shot,Jump Shot,2PT FG,Mid-Range,Left Side(L),16-24 ft.,21,-194,81,1,0,01-06-1998,SEA,CHH,Q2
286,Shot Chart Detail,0029700463,166,209,Dell Curry,1610612766,Charlotte Hornets,2,3,40,Made Shot,Jump Shot,3PT FG,Above the Break 3,Left Side Center(LC),24+ ft.,25,-205,147,1,1,01-06-1998,SEA,CHH,Q2
287,Shot Chart Detail,0029700463,180,209,Dell Curry,1610612766,Charlotte Hornets,2,1,6,Missed Shot,Jump Shot,2PT FG,Restricted Area,Center(C),Less Than 8 ft.,3,-3,31,1,0,01-06-1998,SEA,CHH,Q2
288,Shot Chart Detail,0029700463,223,209,Dell Curry,1610612766,Charlotte Hornets,3,9,22,Missed Shot,Layup Shot,2PT FG,Restricted Area,Center(C),Less Than 8 ft.,1,12,14,1,0,01-06-1998,SEA,CHH,Q3
289,Shot Chart Detail,0029700463,227,209,Dell Curry,1610612766,Charlotte Hornets,3,9,10,Missed Shot,Jump Shot,3PT FG,Above the Break 3,Left Side Center(LC),24+ ft.,24,-227,104,1,0,01-06-1998,SEA,CHH,Q3
290,Shot Chart Detail,0029700907,432,209,Dell Curry,1610612766,Charlotte Hornets,4,1,40,Missed Shot,Jump Shot,2PT FG,Mid-Range,Right Side Center(RC),16-24 ft.,21,160,139,1,0,03-13-1998,ORL,CHH,Q4
291,Shot Chart Detail,0029700907,436,209,Dell Curry,1610612766,Charlotte Hornets,4,1,17,Made Shot,Layup Shot,2PT FG,Restricted Area,Center(C),Less Than 8 ft.,0,0,0,1,1,03-13-1998,ORL,CHH,Q4
292,Shot Chart Detail,0029700907,438,209,Dell Curry,1610612766,Charlotte Hornets,4,0,45,Missed Shot,Running Jump Shot,2PT FG,In The Paint (Non-RA),Center(C),8-16 ft.,8,-12,81,1,0,03-13-1998,ORL,CHH,Q4
293,Shot Chart Detail,0029700912,257,209,Dell Curry,1610612766,Charlotte Hornets,3,3,37,Missed Shot,Jump Shot,2PT FG,Mid-Range,Left Side(L),16-24 ft.,19,-190,-8,1,0,03-14-1998,CHH,WAS,Q3
294,Shot Chart Detail,0029700912,264,209,Dell Curry,1610612766,Charlotte Hornets,3,2,57,Missed Shot,Jump Shot,2PT FG,Mid-Range,Left Side(L),8-16 ft.,12,-81,98,1,0,03-14-1998,CHH,WAS,Q3
295,Shot Chart Detail,0029700912,294,209,Dell Curry,1610612766,Charlotte Hornets,3,0,17,Missed Shot,Jump Shot,3PT FG,Above the Break 3,Right Side Center(RC),24+ ft.,24,132,207,1,0,03-14-1998,CHH,WAS,Q3
296,Shot Chart Detail,0029700912,296,209,Dell Curry,1610612766,Charlotte Hornets,3,0,11,Missed Shot,Jump Shot,2PT FG,Mid-Range,Right Side(R),16-24 ft.,18,186,-3,1,0,03-14-1998,CHH,WAS,Q3
297,Shot Chart Detail,0029700929,174,209,Dell Curry,1610612766,Charlotte Hornets,2,5,8,Missed Shot,Jump Shot,2PT FG,Restricted Area,Center(C),Less Than 8 ft.,3,31,8,1,0,03-16-1998,CHH,DEN,Q2
298,Shot Chart Detail,0029700929,188,209,Dell Curry,1610612766,Charlotte Hornets,2,3,50,Missed Shot,Jump Shot,3PT FG,Left Corner 3,Left Side(L),24+ ft.,23,-231,-1,1,0,03-16-1998,CHH,DEN,Q2
299,Shot Chart Detail,0029700929,193,209,Dell Curry,1610612766,Charlotte Hornets,2,3,26,Made Shot,Jump Shot,3PT FG,Above the Break 3,Right Side Center(RC),24+ ft.,25,194,158,1,1,03-16-1998,CHH,DEN,Q2
300,Shot Chart Detail,0029700929,199,209,Dell Curry,1610612766,Charlotte Hornets,2,2,27,Missed Shot,Jump Shot,2PT FG,Mid-Range,Left Side Center(LC),16-24 ft.,17,-124,121,1,0,03-16-1998,CHH,DEN,Q2
301,Shot Chart Detail,0029700929,213,209,Dell Curry,1610612766,Charlotte Hornets,2,0,28,Missed Shot,Layup Shot,2PT FG,Restricted Area,Center(C),Less Than 8 ft.,2,25,8,1,0,03-16-1998,CHH,DEN,Q2
302,Shot Chart Detail,0029700929,362,209,Dell Curry,1610612766,Charlotte Hornets,4,10,15,Made Shot,Jump Shot,2PT FG,Mid-Range,Left Side Center(LC),16-24 ft.,18,-130,128,1,1,03-16-1998,CHH,DEN,Q4
303,Shot Chart Detail,0029700929,374,209,Dell Curry,1610612766,Charlotte Hornets,4,8,53,Missed Shot,Jump Shot,2PT FG,Mid-Range,Right Side Center(RC),16-24 ft.,21,121,179,1,0,03-16-1998,CHH,DEN,Q4
304,Shot Chart Detail,0029700929,378,209,Dell Curry,1610612766,Charlotte Hornets,4,8,28,Made Shot,Layup Shot,2PT FG,Restricted Area,Center(C),Less Than 8 ft.,0,0,0,1,1,03-16-1998,CHH,DEN,Q4
305,Shot Chart Detail,0029700929,404,209,Dell Curry,1610612766,Charlotte Hornets,4,4,56,Made Shot,Layup Shot,2PT FG,Restricted Area,Center(C),Less Than 8 ft.,0,0,0,1,1,03-16-1998,CHH,DEN,Q4
306,Shot Chart Detail,0029700929,419,209,Dell Curry,1610612766,Charlotte Hornets,4,3,44,Made Shot,Jump Shot,3PT FG,Above the Break 3,Right Side Center(RC),24+ ft.,24,192,151,1,1,03-16-1998,CHH,DEN,Q4
307,Shot Chart Detail,0029700929,422,209,Dell Curry,1610612766,Charlotte Hornets,4,3,15,Made Shot,Layup Shot,2PT FG,Restricted Area,Center(C),Less Than 8 ft.,0,0,0,1,1,03-16-1998,CHH,DEN,Q4
308,Shot Chart Detail,0029700929,437,209,Dell Curry,1610612766,Charlotte Hornets,4,1,38,Made Shot,Jump Shot,3PT FG,Above the Break 3,Left Side Center(LC),24+ ft.,24,-201,141,1,1,03-16-1998,CHH,DEN,Q4
309,Shot Chart Detail,0029700945,182,209,Dell Curry,1610612766,Charlotte Hornets,2,3,22,Missed Shot,Jump Shot,2PT FG,Mid-Range,Left Side Center(LC),16-24 ft.,16,-109,119,1,0,03-18-1998,CHH,UTA,Q2
310,Shot Chart Detail,0029700945,197,209,Dell Curry,1610612766,Charlotte Hornets,2,2,18,Missed Shot,Jump Shot,2PT FG,In The Paint (Non-RA),Center(C),8-16 ft.,9,3,98,1,0,03-18-1998,CHH,UTA,Q2
311,Shot Chart Detail,0029700945,213,209,Dell Curry,1610612766,Charlotte Hornets,2,0,41,Made Shot,Jump Shot,2PT FG,Mid-Range,Left Side(L),16-24 ft.,19,-199,-1,1,1,03-18-1998,CHH,UTA,Q2
312,Shot Chart Detail,0029700945,391,209,Dell Curry,1610612766,Charlotte Hornets,4,6,47,Made Shot,Layup Shot,2PT FG,Restricted Area,Center(C),Less Than 8 ft.,0,0,0,1,1,03-18-1998,CHH,UTA,Q4
313,Shot Chart Detail,0029700945,398,209,Dell Curry,1610612766,Charlotte Hornets,4,6,5,Missed Shot,Jump Shot,3PT FG,Left Corner 3,Left Side(L),24+ ft.,22,-229,-3,1,0,03-18-1998,CHH,UTA,Q4
314,Shot Chart Detail,0029700945,413,209,Dell Curry,1610612766,Charlotte Hornets,4,4,28,Missed Shot,Jump Shot,2PT FG,Restricted Area,Center(C),Less Than 8 ft.,3,33,18,1,0,03-18-1998,CHH,UTA,Q4
315,Shot Chart Detail,0029700945,414,209,Dell Curry,1610612766,Charlotte Hornets,4,4,25,Missed Shot,Tip Shot,2PT FG,Restricted Area,Center(C),Less Than 8 ft.,0,0,0,1,0,03-18-1998,CHH,UTA,Q4
316,Shot Chart Detail,0029700945,422,209,Dell Curry,1610612766,Charlotte Hornets,4,3,59,Made Shot,Layup Shot,2PT FG,Restricted Area,Center(C),Less Than 8 ft.,2,-18,12,1,1,03-18-1998,CHH,UTA,Q4
317,Shot Chart Detail,0029700945,435,209,Dell Curry,1610612766,Charlotte Hornets,4,3,11,Missed Shot,Jump Shot,3PT FG,Above the Break 3,Left Side Center(LC),24+ ft.,23,-162,177,1,0,03-18-1998,CHH,UTA,Q4
318,Shot Chart Detail,0029700945,443,209,Dell Curry,1610612766,Charlotte Hornets,4,2,50,Made Shot,Dunk Shot,2PT FG,Restricted Area,Center(C),Less Than 8 ft.,0,0,0,1,1,03-18-1998,CHH,UTA,Q4
319,Shot Chart Detail,0029700945,452,209,Dell Curry,1610612766,Charlotte Hornets,4,1,13,Made Shot,Layup Shot,2PT FG,Restricted Area,Center(C),Less Than 8 ft.,0,0,0,1,1,03-18-1998,CHH,UTA,Q4
320,Shot Chart Detail,0029700966,126,209,Dell Curry,1610612766,Charlotte Hornets,2,8,17,Made Shot,Jump Shot,3PT FG,Above the Break 3,Center(C),24+ ft.,25,-53,248,1,1,03-20-1998,SAS,CHH,Q2
321,Shot Chart Detail,0029700966,153,209,Dell Curry,1610612766,Charlotte Hornets,2,5,10,Missed Shot,Jump Shot,2PT FG,In The Paint (Non-RA),Center(C),Less Than 8 ft.,7,14,72,1,0,03-20-1998,SAS,CHH,Q2
322,Shot Chart Detail,0029700966,163,209,Dell Curry,1610612766,Charlotte Hornets,2,4,28,Made Shot,Layup Shot,2PT FG,Restricted Area,Center(C),Less Than 8 ft.,2,18,10,1,1,03-20-1998,SAS,CHH,Q2
323,Shot Chart Detail,0029700966,368,209,Dell Curry,1610612766,Charlotte Hornets,4,5,47,Missed Shot,Jump Shot,2PT FG,Mid-Range,Left Side Center(LC),16-24 ft.,16,-136,100,1,0,03-20-1998,SAS,CHH,Q4
324,Shot Chart Detail,0029700989,203,209,Dell Curry,1610612766,Charlotte Hornets,2,4,35,Missed Shot,Jump Shot,3PT FG,Left Corner 3,Left Side(L),24+ ft.,22,-222,23,1,0,03-24-1998,TOR,CHH,Q2
325,Shot Chart Detail,0029700989,220,209,Dell Curry,1610612766,Charlotte Hornets,2,2,53,Made Shot,Jump Shot,2PT FG,Mid-Range,Left Side(L),16-24 ft.,20,-201,23,1,1,03-24-1998,TOR,CHH,Q2
326,Shot Chart Detail,0029700989,224,209,Dell Curry,1610612766,Charlotte Hornets,2,2,14,Made Shot,Jump Shot,3PT FG,Left Corner 3,Left Side(L),24+ ft.,23,-227,61,1,1,03-24-1998,TOR,CHH,Q2
327,Shot Chart Detail,0029700989,239,209,Dell Curry,1610612766,Charlotte Hornets,2,1,5,Made Shot,Jump Shot,3PT FG,Above the Break 3,Right Side Center(RC),24+ ft.,24,196,147,1,1,03-24-1998,TOR,CHH,Q2
328,Shot Chart Detail,0029700989,243,209,Dell Curry,1610612766,Charlotte Hornets,2,0,40,Missed Shot,Jump Shot,2PT FG,In The Paint (Non-RA),Left Side(L),8-16 ft.,12,-68,109,1,0,03-24-1998,TOR,CHH,Q2
329,Shot Chart Detail,0029700989,431,209,Dell Curry,1610612766,Charlotte Hornets,4,6,53,Made Shot,Jump Shot,2PT FG,Mid-Range,Left Side(L),16-24 ft.,17,-175,10,1,1,03-24-1998,TOR,CHH,Q4
330,Shot Chart Detail,0029700989,439,209,Dell Curry,1610612766,Charlotte Hornets,4,6,24,Missed Shot,Jump Shot,3PT FG,Left Corner 3,Left Side(L),24+ ft.,22,-222,31,1,0,03-24-1998,TOR,CHH,Q4
331,Shot Chart Detail,0029700989,467,209,Dell Curry,1610612766,Charlotte Hornets,4,3,57,Missed Shot,Jump Shot,2PT FG,Mid-Range,Left Side(L),16-24 ft.,20,-192,72,1,0,03-24-1998,TOR,CHH,Q4
332,Shot Chart Detail,0029700989,469,209,Dell Curry,1610612766,Charlotte Hornets,4,3,54,Missed Shot,Jump Shot,2PT FG,Mid-Range,Left Side(L),16-24 ft.,19,-194,18,1,0,03-24-1998,TOR,CHH,Q4
333,Shot Chart Detail,0029700989,493,209,Dell Curry,1610612766,Charlotte Hornets,4,2,0,Missed Shot,Jump Shot,3PT FG,Above the Break 3,Left Side Center(LC),24+ ft.,25,-201,158,1,0,03-24-1998,TOR,CHH,Q4
334,Shot Chart Detail,0029701005,149,209,Dell Curry,1610612766,Charlotte Hornets,2,6,37,Missed Shot,Layup Shot,2PT FG,Restricted Area,Center(C),Less Than 8 ft.,0,0,0,1,0,03-26-1998,CHH,MIL,Q2
335,Shot Chart Detail,0029701005,159,209,Dell Curry,1610612766,Charlotte Hornets,2,5,25,Missed Shot,Jump Shot,2PT FG,Mid-Range,Left Side(L),8-16 ft.,14,-141,42,1,0,03-26-1998,CHH,MIL,Q2
336,Shot Chart Detail,0029701005,173,209,Dell Curry,1610612766,Charlotte Hornets,2,3,58,Missed Shot,Jump Shot,3PT FG,Above the Break 3,Right Side Center(RC),24+ ft.,24,214,126,1,0,03-26-1998,CHH,MIL,Q2
337,Shot Chart Detail,0029701005,176,209,Dell Curry,1610612766,Charlotte Hornets,2,3,45,Missed Shot,Layup Shot,2PT FG,Restricted Area,Center(C),Less Than 8 ft.,0,0,0,1,0,03-26-1998,CHH,MIL,Q2
338,Shot Chart Detail,0029701005,189,209,Dell Curry,1610612766,Charlotte Hornets,2,2,25,Made Shot,Jump Shot,3PT FG,Left Corner 3,Left Side(L),24+ ft.,23,-233,-5,1,1,03-26-1998,CHH,MIL,Q2
339,Shot Chart Detail,0029701015,122,209,Dell Curry,1610612766,Charlotte Hornets,2,10,58,Made Shot,Jump Shot,2PT FG,Mid-Range,Left Side Center(LC),16-24 ft.,20,-141,151,1,1,03-27-1998,IND,CHH,Q2
340,Shot Chart Detail,0029701015,125,209,Dell Curry,1610612766,Charlotte Hornets,2,10,9,Missed Shot,Jump Shot,2PT FG,Mid-Range,Left Side(L),16-24 ft.,20,-199,-29,1,0,03-27-1998,IND,CHH,Q2
341,Shot Chart Detail,0029701015,130,209,Dell Curry,1610612766,Charlotte Hornets,2,9,1,Missed Shot,Jump Shot,2PT FG,In The Paint (Non-RA),Center(C),Less Than 8 ft.,7,-48,51,1,0,03-27-1998,IND,CHH,Q2
342,Shot Chart Detail,0029701015,241,209,Dell Curry,1610612766,Charlotte Hornets,2,0,0,Missed Shot,Jump Shot,3PT FG,Above the Break 3,Right Side Center(RC),24+ ft.,26,149,218,1,0,03-27-1998,IND,CHH,Q2
343,Shot Chart Detail,0029701015,397,209,Dell Curry,1610612766,Charlotte Hornets,4,10,46,Made Shot,Jump Shot,2PT FG,Mid-Range,Center(C),16-24 ft.,21,-8,218,1,1,03-27-1998,IND,CHH,Q4
344,Shot Chart Detail,0029701015,402,209,Dell Curry,1610612766,Charlotte Hornets,4,9,55,Made Shot,Layup Shot,2PT FG,Restricted Area,Center(C),Less Than 8 ft.,2,-16,-16,1,1,03-27-1998,IND,CHH,Q4
345,Shot Chart Detail,0029701015,426,209,Dell Curry,1610612766,Charlotte Hornets,4,7,10,Made Shot,Jump Shot,2PT FG,Mid-Range,Left Side(L),16-24 ft.,20,-179,102,1,1,03-27-1998,IND,CHH,Q4
346,Shot Chart Detail,0029701015,453,209,Dell Curry,1610612766,Charlotte Hornets,4,4,48,Missed Shot,Jump Shot,2PT FG,Mid-Range,Left Side(L),16-24 ft.,19,-184,55,1,0,03-27-1998,IND,CHH,Q4
347,Shot Chart Detail,0029701015,478,209,Dell Curry,1610612766,Charlotte Hornets,4,2,14,Made Shot,Jump Shot,2PT FG,Mid-Range,Right Side Center(RC),16-24 ft.,19,149,132,1,1,03-27-1998,IND,CHH,Q4
348,Shot Chart Detail,0029701015,480,209,Dell Curry,1610612766,Charlotte Hornets,4,1,38,Made Shot,Jump Shot,2PT FG,In The Paint (Non-RA),Left Side(L),8-16 ft.,11,-68,87,1,1,03-27-1998,IND,CHH,Q4
349,Shot Chart Detail,0029701015,488,209,Dell Curry,1610612766,Charlotte Hornets,4,0,39,Missed Shot,Jump Shot,2PT FG,Mid-Range,Right Side(R),16-24 ft.,19,192,-12,1,0,03-27-1998,IND,CHH,Q4
350,Shot Chart Detail,0029701028,117,209,Dell Curry,1610612766,Charlotte Hornets,2,10,46,Missed Shot,Jump Shot,2PT FG,In The Paint (Non-RA),Center(C),Less Than 8 ft.,4,-1,44,1,0,03-29-1998,CLE,CHH,Q2
351,Shot Chart Detail,0029701028,144,209,Dell Curry,1610612766,Charlotte Hornets,2,8,39,Missed Shot,Jump Shot,3PT FG,Above the Break 3,Right Side Center(RC),24+ ft.,25,201,156,1,0,03-29-1998,CLE,CHH,Q2
352,Shot Chart Detail,0029701028,160,209,Dell Curry,1610612766,Charlotte Hornets,2,7,12,Missed Shot,Jump Shot,2PT FG,Mid-Range,Right Side(R),8-16 ft.,10,106,27,1,0,03-29-1998,CLE,CHH,Q2
353,Shot Chart Detail,0029701028,385,209,Dell Curry,1610612766,Charlotte Hornets,4,4,42,Made Shot,Running Jump Shot,2PT FG,Mid-Range,Left Side(L),8-16 ft.,14,-102,96,1,1,03-29-1998,CLE,CHH,Q4
354,Shot Chart Detail,0029701028,400,209,Dell Curry,1610612766,Charlotte Hornets,4,2,58,Made Shot,Driving Layup Shot,2PT FG,Restricted Area,Center(C),Less Than 8 ft.,1,-1,16,1,1,03-29-1998,CLE,CHH,Q4
355,Shot Chart Detail,0029701028,407,209,Dell Curry,1610612766,Charlotte Hornets,4,2,34,Missed Shot,Jump Shot,2PT FG,Mid-Range,Center(C),16-24 ft.,19,5,194,1,0,03-29-1998,CLE,CHH,Q4
356,Shot Chart Detail,0029701028,411,209,Dell Curry,1610612766,Charlotte Hornets,4,2,4,Made Shot,Jump Shot,3PT FG,Above the Break 3,Left Side Center(LC),24+ ft.,25,-190,169,1,1,03-29-1998,CLE,CHH,Q4
357,Shot Chart Detail,0029701028,439,209,Dell Curry,1610612766,Charlotte Hornets,4,0,7,Made Shot,Jump Shot,3PT FG,Above the Break 3,Right Side Center(RC),24+ ft.,24,88,232,1,1,03-29-1998,CLE,CHH,Q4
358,Shot Chart Detail,0029701039,312,209,Dell Curry,1610612766,Charlotte Hornets,3,1,38,Made Shot,Jump Shot,3PT FG,Above the Break 3,Left Side Center(LC),24+ ft.,24,-190,156,1,1,03-31-1998,CHH,PHI,Q3
359,Shot Chart Detail,0029701039,361,209,Dell Curry,1610612766,Charlotte Hornets,4,8,43,Made Shot,Layup Shot,2PT FG,Restricted Area,Center(C),Less Than 8 ft.,0,0,0,1,1,03-31-1998,CHH,PHI,Q4
360,Shot Chart Detail,0029701039,371,209,Dell Curry,1610612766,Charlotte Hornets,4,6,47,Missed Shot,Jump Shot,3PT FG,Right Corner 3,Right Side(R),24+ ft.,23,235,-18,1,0,03-31-1998,CHH,PHI,Q4
361,Shot Chart Detail,0029701039,374,209,Dell Curry,1610612766,Charlotte Hornets,4,6,16,Made Shot,Layup Shot,2PT FG,Restricted Area,Center(C),Less Than 8 ft.,0,0,0,1,1,03-31-1998,CHH,PHI,Q4
362,Shot Chart Detail,0029701062,108,209,Dell Curry,1610612766,Charlotte Hornets,2,11,34,Made Shot,Jump Shot,2PT FG,Mid-Range,Right Side Center(RC),16-24 ft.,16,74,149,1,1,04-03-1998,CHH,IND,Q2
363,Shot Chart Detail,0029701062,127,209,Dell Curry,1610612766,Charlotte Hornets,2,8,43,Missed Shot,Jump Shot,2PT FG,Restricted Area,Center(C),Less Than 8 ft.,3,10,31,1,0,04-03-1998,CHH,IND,Q2
364,Shot Chart Detail,0029701062,339,209,Dell Curry,1610612766,Charlotte Hornets,4,9,38,Made Shot,Jump Shot,2PT FG,Mid-Range,Left Side(L),8-16 ft.,15,-94,121,1,1,04-03-1998,CHH,IND,Q4
365,Shot Chart Detail,0029701062,345,209,Dell Curry,1610612766,Charlotte Hornets,4,8,49,Missed Shot,Layup Shot,2PT FG,Restricted Area,Center(C),Less Than 8 ft.,0,0,0,1,0,04-03-1998,CHH,IND,Q4
366,Shot Chart Detail,0029701062,354,209,Dell Curry,1610612766,Charlotte Hornets,4,7,7,Missed Shot,Jump Shot,3PT FG,Above the Break 3,Right Side Center(RC),24+ ft.,24,224,100,1,0,04-03-1998,CHH,IND,Q4
367,Shot Chart Detail,0029701072,47,209,Dell Curry,1610612766,Charlotte Hornets,1,5,33,Missed Shot,Jump Shot,2PT FG,Mid-Range,Right Side(R),16-24 ft.,18,160,89,1,0,04-04-1998,MIA,CHH,Q1
368,Shot Chart Detail,0029701072,75,209,Dell Curry,1610612766,Charlotte Hornets,1,2,8,Made Shot,Layup Shot,2PT FG,Restricted Area,Center(C),Less Than 8 ft.,0,0,0,1,1,04-04-1998,MIA,CHH,Q1
369,Shot Chart Detail,0029701072,102,209,Dell Curry,1610612766,Charlotte Hornets,1,0,6,Missed Shot,Jump Shot,2PT FG,Mid-Range,Center(C),16-24 ft.,18,46,184,1,0,04-04-1998,MIA,CHH,Q1
370,Shot Chart Detail,0029701072,126,209,Dell Curry,1610612766,Charlotte Hornets,2,10,5,Missed Shot,Jump Shot,2PT FG,Mid-Range,Left Side Center(LC),16-24 ft.,18,-74,169,1,0,04-04-1998,MIA,CHH,Q2
371,Shot Chart Detail,0029701072,130,209,Dell Curry,1610612766,Charlotte Hornets,2,9,37,Missed Shot,Jump Shot,2PT FG,Mid-Range,Right Side Center(RC),16-24 ft.,19,143,136,1,0,04-04-1998,MIA,CHH,Q2
372,Shot Chart Detail,0029701072,209,209,Dell Curry,1610612766,Charlotte Hornets,2,1,58,Missed Shot,Jump Shot,3PT FG,Above the Break 3,Left Side Center(LC),24+ ft.,26,-188,188,1,0,04-04-1998,MIA,CHH,Q2
373,Shot Chart Detail,0029701072,225,209,Dell Curry,1610612766,Charlotte Hornets,2,0,43,Missed Shot,Jump Shot,3PT FG,Right Corner 3,Right Side(R),24+ ft.,23,231,8,1,0,04-04-1998,MIA,CHH,Q2
374,Shot Chart Detail,0029701072,433,209,Dell Curry,1610612766,Charlotte Hornets,4,1,30,Made Shot,Jump Shot,3PT FG,Above the Break 3,Right Side Center(RC),24+ ft.,24,164,188,1,1,04-04-1998,MIA,CHH,Q4
375,Shot Chart Detail,0029701072,445,209,Dell Curry,1610612766,Charlotte Hornets,4,0,43,Made Shot,Dunk Shot,2PT FG,Restricted Area,Center(C),Less Than 8 ft.,0,0,0,1,1,04-04-1998,MIA,CHH,Q4
376,Shot Chart Detail,0029701072,448,209,Dell Curry,1610612766,Charlotte Hornets,4,0,16,Made Shot,Jump Shot,2PT FG,Mid-Range,Left Side Center(LC),16-24 ft.,17,-63,162,1,1,04-04-1998,MIA,CHH,Q4
377,Shot Chart Detail,0029701086,151,209,Dell Curry,1610612766,Charlotte Hornets,2,7,1,Made Shot,Jump Shot,3PT FG,Left Corner 3,Left Side(L),24+ ft.,23,-235,21,1,1,04-06-1998,NJN,CHH,Q2
378,Shot Chart Detail,0029701086,158,209,Dell Curry,1610612766,Charlotte Hornets,2,5,25,Made Shot,Jump Shot,2PT FG,Mid-Range,Left Side(L),16-24 ft.,19,-199,5,1,1,04-06-1998,NJN,CHH,Q2
379,Shot Chart Detail,0029701086,172,209,Dell Curry,1610612766,Charlotte Hornets,2,4,1,Missed Shot,Jump Shot,2PT FG,Mid-Range,Right Side Center(RC),16-24 ft.,18,100,151,1,0,04-06-1998,NJN,CHH,Q2
380,Shot Chart Detail,0029701086,181,209,Dell Curry,1610612766,Charlotte Hornets,2,2,59,Made Shot,Driving Layup Shot,2PT FG,Restricted Area,Center(C),Less Than 8 ft.,0,0,0,1,1,04-06-1998,NJN,CHH,Q2
381,Shot Chart Detail,0029701086,183,209,Dell Curry,1610612766,Charlotte Hornets,2,2,26,Missed Shot,Jump Shot,2PT FG,Mid-Range,Left Side(L),16-24 ft.,18,-186,-18,1,0,04-06-1998,NJN,CHH,Q2
382,Shot Chart Detail,0029701086,188,209,Dell Curry,1610612766,Charlotte Hornets,2,1,59,Made Shot,Jump Shot,3PT FG,Above the Break 3,Right Side Center(RC),24+ ft.,24,89,231,1,1,04-06-1998,NJN,CHH,Q2
383,Shot Chart Detail,0029701086,304,209,Dell Curry,1610612766,Charlotte Hornets,3,3,44,Missed Shot,Jump Shot,3PT FG,Above the Break 3,Right Side Center(RC),24+ ft.,25,166,190,1,0,04-06-1998,NJN,CHH,Q3
384,Shot Chart Detail,0029701086,312,209,Dell Curry,1610612766,Charlotte Hornets,3,3,25,Missed Shot,Tip Shot,2PT FG,Restricted Area,Center(C),Less Than 8 ft.,0,0,0,1,0,04-06-1998,NJN,CHH,Q3
385,Shot Chart Detail,0029701086,480,209,Dell Curry,1610612766,Charlotte Hornets,4,1,10,Made Shot,Jump Shot,3PT FG,Above the Break 3,Right Side Center(RC),24+ ft.,25,218,128,1,1,04-06-1998,NJN,CHH,Q4
386,Shot Chart Detail,0029701102,106,209,Dell Curry,1610612766,Charlotte Hornets,1,0,0,Missed Shot,Jump Shot,3PT FG,Above the Break 3,Right Side Center(RC),24+ ft.,26,147,222,1,0,04-08-1998,PHI,CHH,Q1
387,Shot Chart Detail,0029701102,118,209,Dell Curry,1610612766,Charlotte Hornets,2,11,2,Missed Shot,Jump Shot,2PT FG,In The Paint (Non-RA),Left Side(L),8-16 ft.,10,-72,76,1,0,04-08-1998,PHI,CHH,Q2
388,Shot Chart Detail,0029701115,133,209,Dell Curry,1610612766,Charlotte Hornets,2,8,59,Missed Shot,Jump Shot,3PT FG,Above the Break 3,Right Side Center(RC),24+ ft.,24,220,117,1,0,04-10-1998,CHH,ATL,Q2
389,Shot Chart Detail,0029701115,150,209,Dell Curry,1610612766,Charlotte Hornets,2,7,33,Missed Shot,Jump Shot,2PT FG,Mid-Range,Left Side(L),16-24 ft.,17,-179,-10,1,0,04-10-1998,CHH,ATL,Q2
390,Shot Chart Detail,0029701132,95,209,Dell Curry,1610612766,Charlotte Hornets,1,0,1,Missed Shot,Jump Shot,3PT FG,Above the Break 3,Left Side Center(LC),24+ ft.,24,-188,164,1,0,04-12-1998,CHH,DET,Q1
391,Shot Chart Detail,0029701132,107,209,Dell Curry,1610612766,Charlotte Hornets,2,11,13,Missed Shot,Layup Shot,2PT FG,Restricted Area,Center(C),Less Than 8 ft.,0,0,0,1,0,04-12-1998,CHH,DET,Q2
392,Shot Chart Detail,0029701132,123,209,Dell Curry,1610612766,Charlotte Hornets,2,9,18,Missed Shot,Jump Shot,2PT FG,Mid-Range,Left Side(L),8-16 ft.,15,-156,-1,1,0,04-12-1998,CHH,DET,Q2
393,Shot Chart Detail,0029701132,125,209,Dell Curry,1610612766,Charlotte Hornets,2,9,11,Missed Shot,Jump Shot,3PT FG,Left Corner 3,Left Side(L),24+ ft.,23,-235,-1,1,0,04-12-1998,CHH,DET,Q2
394,Shot Chart Detail,0029701132,315,209,Dell Curry,1610612766,Charlotte Hornets,3,1,32,Missed Shot,Jump Shot,2PT FG,Mid-Range,Right Side(R),16-24 ft.,20,209,-12,1,0,04-12-1998,CHH,DET,Q3
395,Shot Chart Detail,0029701132,323,209,Dell Curry,1610612766,Charlotte Hornets,3,0,36,Made Shot,Jump Shot,2PT FG,Mid-Range,Left Side(L),8-16 ft.,14,-113,93,1,1,04-12-1998,CHH,DET,Q3
396,Shot Chart Detail,0029701144,59,209,Dell Curry,1610612766,Charlotte Hornets,1,5,45,Missed Shot,Tip Shot,2PT FG,Restricted Area,Center(C),Less Than 8 ft.,0,0,0,1,0,04-14-1998,MIL,CHH,Q1
397,Shot Chart Detail,0029701144,65,209,Dell Curry,1610612766,Charlotte Hornets,1,5,16,Missed Shot,Jump Shot,3PT FG,Above the Break 3,Right Side Center(RC),24+ ft.,25,233,102,1,0,04-14-1998,MIL,CHH,Q1
398,Shot Chart Detail,0029701144,125,209,Dell Curry,1610612766,Charlotte Hornets,1,2,39,Missed Shot,Jump Shot,2PT FG,Mid-Range,Left Side(L),16-24 ft.,20,-204,-9,1,0,04-14-1998,MIL,CHH,Q1
399,Shot Chart Detail,0029701144,84,209,Dell Curry,1610612766,Charlotte Hornets,1,2,23,Made Shot,Jump Shot,2PT FG,Mid-Range,Right Side(R),16-24 ft.,20,203,-16,1,1,04-14-1998,MIL,CHH,Q1
400,Shot Chart Detail,0029701144,92,209,Dell Curry,1610612766,Charlotte Hornets,1,1,44,Missed Shot,Jump Shot,3PT FG,Left Corner 3,Left Side(L),24+ ft.,23,-235,18,1,0,04-14-1998,MIL,CHH,Q1
401,Shot Chart Detail,0029701144,126,209,Dell Curry,1610612766,Charlotte Hornets,2,11,24,Made Shot,Running Jump Shot,2PT FG,In The Paint (Non-RA),Center(C),Less Than 8 ft.,5,3,53,1,1,04-14-1998,MIL,CHH,Q2
402,Shot Chart Detail,0029701144,141,209,Dell Curry,1610612766,Charlotte Hornets,2,9,56,Made Shot,Jump Shot,2PT FG,Mid-Range,Right Side Center(RC),16-24 ft.,18,78,169,1,1,04-14-1998,MIL,CHH,Q2
403,Shot Chart Detail,0029701144,267,209,Dell Curry,1610612766,Charlotte Hornets,3,7,20,Missed Shot,Layup Shot,2PT FG,Restricted Area,Center(C),Less Than 8 ft.,0,0,0,1,0,04-14-1998,MIL,CHH,Q3
404,Shot Chart Detail,0029701144,320,209,Dell Curry,1610612766,Charlotte Hornets,3,2,48,Missed Shot,Jump Shot,2PT FG,Mid-Range,Right Side(R),8-16 ft.,15,138,76,1,0,04-14-1998,MIL,CHH,Q3
405,Shot Chart Detail,0029701144,406,209,Dell Curry,1610612766,Charlotte Hornets,4,8,4,Missed Shot,Jump Shot,3PT FG,Above the Break 3,Right Side Center(RC),24+ ft.,25,231,96,1,0,04-14-1998,MIL,CHH,Q4
406,Shot Chart Detail,0029701144,469,209,Dell Curry,1610612766,Charlotte Hornets,4,2,51,Missed Shot,Jump Shot,2PT FG,Mid-Range,Left Side Center(LC),16-24 ft.,20,-154,134,1,0,04-14-1998,MIL,CHH,Q4
407,Shot Chart Detail,0029701144,481,209,Dell Curry,1610612766,Charlotte Hornets,4,1,34,Made Shot,Layup Shot,2PT FG,Restricted Area,Center(C),Less Than 8 ft.,0,0,0,1,1,04-14-1998,MIL,CHH,Q4
408,Shot Chart Detail,0029701144,485,209,Dell Curry,1610612766,Charlotte Hornets,4,1,12,Made Shot,Jump Shot,3PT FG,Left Corner 3,Left Side(L),24+ ft.,24,-242,57,1,1,04-14-1998,MIL,CHH,Q4
409,Shot Chart Detail,0029701153,351,209,Dell Curry,1610612766,Charlotte Hornets,3,2,43,Made Shot,Jump Shot,2PT FG,Mid-Range,Right Side(R),8-16 ft.,14,123,83,1,1,04-15-1998,CHH,NJN,Q3
410,Shot Chart Detail,0029701153,357,209,Dell Curry,1610612766,Charlotte Hornets,3,2,8,Missed Shot,Jump Shot,2PT FG,Mid-Range,Right Side(R),8-16 ft.,11,113,1,1,0,04-15-1998,CHH,NJN,Q3
411,Shot Chart Detail,0029701153,367,209,Dell Curry,1610612766,Charlotte Hornets,3,0,55,Made Shot,Jump Shot,3PT FG,Above the Break 3,Center(C),24+ ft.,25,3,250,1,1,04-15-1998,CHH,NJN,Q3
412,Shot Chart Detail,0029701153,373,209,Dell Curry,1610612766,Charlotte Hornets,3,0,32,Missed Shot,Jump Shot,2PT FG,Mid-Range,Right Side(R),16-24 ft.,20,177,113,1,0,04-15-1998,CHH,NJN,Q3
413,Shot Chart Detail,0029701153,387,209,Dell Curry,1610612766,Charlotte Hornets,4,11,43,Made Shot,Jump Shot,2PT FG,Mid-Range,Left Side(L),16-24 ft.,21,-199,74,1,1,04-15-1998,CHH,NJN,Q4
414,Shot Chart Detail,0029701153,390,209,Dell Curry,1610612766,Charlotte Hornets,4,10,54,Missed Shot,Jump Shot,2PT FG,In The Paint (Non-RA),Center(C),8-16 ft.,11,1,113,1,0,04-15-1998,CHH,NJN,Q4
415,Shot Chart Detail,0029701153,429,209,Dell Curry,1610612766,Charlotte Hornets,4,7,4,Missed Shot,Jump Shot,3PT FG,Above the Break 3,Left Side Center(LC),24+ ft.,24,-166,186,1,0,04-15-1998,CHH,NJN,Q4
416,Shot Chart Detail,0029701167,131,209,Dell Curry,1610612766,Charlotte Hornets,2,8,45,Made Shot,Jump Shot,2PT FG,In The Paint (Non-RA),Right Side(R),8-16 ft.,8,55,61,1,1,04-17-1998,ATL,CHH,Q2
417,Shot Chart Detail,0029701167,139,209,Dell Curry,1610612766,Charlotte Hornets,2,7,33,Missed Shot,Jump Shot,2PT FG,Mid-Range,Left Side(L),16-24 ft.,20,-186,93,1,0,04-17-1998,ATL,CHH,Q2
418,Shot Chart Detail,0029701167,158,209,Dell Curry,1610612766,Charlotte Hornets,2,5,41,Made Shot,Layup Shot,2PT FG,Restricted Area,Center(C),Less Than 8 ft.,0,0,0,1,1,04-17-1998,ATL,CHH,Q2
419,Shot Chart Detail,0029701167,163,209,Dell Curry,1610612766,Charlotte Hornets,2,4,56,Made Shot,Jump Shot,3PT FG,Left Corner 3,Left Side(L),24+ ft.,23,-229,63,1,1,04-17-1998,ATL,CHH,Q2
420,Shot Chart Detail,0029701167,181,209,Dell Curry,1610612766,Charlotte Hornets,2,2,52,Missed Shot,Jump Shot,2PT FG,Mid-Range,Right Side(R),8-16 ft.,14,141,5,1,0,04-17-1998,ATL,CHH,Q2
421,Shot Chart Detail,0029701167,301,209,Dell Curry,1610612766,Charlotte Hornets,3,1,39,Made Shot,Jump Shot,2PT FG,Mid-Range,Left Side Center(LC),16-24 ft.,21,-160,143,1,1,04-17-1998,ATL,CHH,Q3
422,Shot Chart Detail,0029701167,327,209,Dell Curry,1610612766,Charlotte Hornets,4,10,40,Missed Shot,Jump Shot,3PT FG,Above the Break 3,Center(C),24+ ft.,25,16,252,1,0,04-17-1998,ATL,CHH,Q4
423,Shot Chart Detail,0029701167,331,209,Dell Curry,1610612766,Charlotte Hornets,4,10,4,Missed Shot,Jump Shot,2PT FG,Restricted Area,Center(C),Less Than 8 ft.,3,-31,16,1,0,04-17-1998,ATL,CHH,Q4
424,Shot Chart Detail,0029701167,333,209,Dell Curry,1610612766,Charlotte Hornets,4,9,57,Missed Shot,Jump Shot,2PT FG,In The Paint (Non-RA),Center(C),Less Than 8 ft.,5,53,12,1,0,04-17-1998,ATL,CHH,Q4
425,Shot Chart Detail,0029701182,293,209,Dell Curry,1610612766,Charlotte Hornets,3,2,35,Missed Shot,Jump Shot,3PT FG,Above the Break 3,Right Side Center(RC),24+ ft.,24,196,147,1,0,04-19-1998,CHH,ORL,Q3
426,Shot Chart Detail,0029701182,301,209,Dell Curry,1610612766,Charlotte Hornets,3,1,33,Made Shot,Driving Layup Shot,2PT FG,Restricted Area,Center(C),Less Than 8 ft.,0,0,0,1,1,04-19-1998,CHH,ORL,Q3
427,Shot Chart Detail,0029701182,311,209,Dell Curry,1610612766,Charlotte Hornets,4,11,49,Missed Shot,Jump Shot,2PT FG,Mid-Range,Left Side Center(LC),16-24 ft.,21,-128,171,1,0,04-19-1998,CHH,ORL,Q4
428,Shot Chart Detail,0029701182,320,209,Dell Curry,1610612766,Charlotte Hornets,4,11,14,Made Shot,Jump Shot,3PT FG,Above the Break 3,Right Side Center(RC),24+ ft.,24,128,205,1,1,04-19-1998,CHH,ORL,Q4
429,Shot Chart Detail,0029701182,324,209,Dell Curry,1610612766,Charlotte Hornets,4,10,5,Made Shot,Jump Shot,3PT FG,Above the Break 3,Left Side Center(LC),24+ ft.,24,-145,201,1,1,04-19-1998,CHH,ORL,Q4
430,Shot Chart Detail,0029701182,326,209,Dell Curry,1610612766,Charlotte Hornets,4,9,40,Missed Shot,Jump Shot,2PT FG,In The Paint (Non-RA),Center(C),Less Than 8 ft.,6,-1,66,1,0,04-19-1998,CHH,ORL,Q4
431,Shot Chart Detail,0029701182,332,209,Dell Curry,1610612766,Charlotte Hornets,4,9,13,Made Shot,Jump Shot,3PT FG,Above the Break 3,Left Side Center(LC),24+ ft.,24,-194,151,1,1,04-19-1998,CHH,ORL,Q4
432,Shot Chart Detail,0029701182,370,209,Dell Curry,1610612766,Charlotte Hornets,4,4,50,Missed Shot,Jump Shot,2PT FG,Mid-Range,Right Side(R),8-16 ft.,15,151,3,1,0,04-19-1998,CHH,ORL,Q4
433,Shot Chart Detail,0029701182,417,209,Dell Curry,1610612766,Charlotte Hornets,4,0,49,Missed Shot,Jump Shot,2PT FG,Mid-Range,Left Side(L),16-24 ft.,19,-197,-18,1,0,04-19-1998,CHH,ORL,Q4
